{"error_code":"SUCCESSFUL","error_message":"", "data":{"listKy":[{"id":5,"TenKyTinhKhoan":"Kỳ tính khoán quý 1 năm 2021","NamTinhKhoan":"2021","ThoiGianTinh":"01/01/2021","ThoiGianTinhEnd":"31/03/2021","Quy":1},{"id":6,"TenKyTinhKhoan":"Kỳ tính khoán quý 2 năm 2021","NamTinhKhoan":"2021","ThoiGianTinh":"01/04/2021","ThoiGianTinhEnd":"30/06/2021","Quy":2},{"id":7,"TenKyTinhKhoan":"Kỳ tính khoán quý 3 năm 2021","NamTinhKhoan":"2021","ThoiGianTinh":"01/07/2021","ThoiGianTinhEnd":"30/09/2021","Quy":3},{"id":11,"TenKyTinhKhoan":"Kỳ tính khoán quý 4 năm 2021","NamTinhKhoan":"2021","ThoiGianTinh":"01/10/2021","ThoiGianTinhEnd":"31/12/2021","Quy":4}],"ky":[{"id":5,"TenKyTinhKhoan":"Kỳ tính khoán quý 1 năm 2021","NamTinhKhoan":"2021","ThoiGianTinh":"01/01/2021","ThoiGianTinhEnd":"31/03/2021","Quy":1}]}}