{"error_code":"SUCCESSFUL","error_message":"", "data":[{"listDVBP":[{"totalQuyKhoanKDConLai":0,"totalQuyKhoanDAConLai":0,"totalQuyKhoanFisx":0,"totalQuyKhoanDaChi":0,"LNBaseKeHoachHienTai":0,"totalQuyKhoanDADaChi_DA":0,"totalQuyKhoanKDNamNay":8.2402679541309E8,"totalQuyKhoanDA":0,"totalLuongKhoanChiTra_DA":0,"LNBaseKeHoachNam":0,"BoPhan":"FIS FSB","totalQuyKhoanDCFisx":0,"totalQuyKhoan":0,"totalQuyKhoanDADaChi":0,"totalQuyKhoanKDConLai_KD":4.26230624E8,"totalQuyKhoanDA_DA":0,"totalQuyKhoanKD":0,"totalQuyKhoanKDDaChi_KD":1.378E9,"totalQuyKhoanKD_KD":0,"totalQuyKhoanKDNamTruoc":9.8020383440495E8,"totalLuongKhoanChiTra_KD":0,"totalQuyKhoanDV":0,"totalQuyKhoanCLFisx":0,"totalQuyKhoanConLai":0,"totalQuyKhoanKDDaChi":0,"totalQuyKhoanDVConLai":0,"totalQuyKhoanDVDaChi":0,"totalQuyKhoanDAConLai_DA":0}],"totalQuyKhoanDaChiFIS":0,"idFisX":732,"totalQuyKhoanConLaiFIS":0,"totalQuyKhoanFIS":0},{"listDVBP":[{"totalQuyKhoanKDConLai":0,"totalQuyKhoanDAConLai":0,"totalQuyKhoanFisx":0,"totalQuyKhoanDaChi":0,"LNBaseKeHoachHienTai":0,"totalQuyKhoanDADaChi_DA":0,"totalQuyKhoanKDNamNay":0,"totalQuyKhoanDA":0,"totalLuongKhoanChiTra_DA":0,"LNBaseKeHoachNam":0,"BoPhan":"FIS GMC","totalQuyKhoanDCFisx":0,"totalQuyKhoan":0,"totalQuyKhoanDADaChi":0,"totalQuyKhoanKDConLai_KD":-3.0E7,"totalQuyKhoanDA_DA":0,"totalQuyKhoanKD":0,"totalQuyKhoanKDDaChi_KD":3.0E7,"totalQuyKhoanKD_KD":0,"totalQuyKhoanKDNamTruoc":0,"totalLuongKhoanChiTra_KD":0,"totalQuyKhoanDV":0,"totalQuyKhoanCLFisx":0,"totalQuyKhoanConLai":0,"totalQuyKhoanKDDaChi":0,"totalQuyKhoanDVConLai":0,"totalQuyKhoanDVDaChi":0,"totalQuyKhoanDAConLai_DA":0}],"totalQuyKhoanDaChiFIS":0,"idFisX":763,"totalQuyKhoanConLaiFIS":0,"totalQuyKhoanFIS":0}]}