{"error_code":"SUCCESSFUL","error_message":"", "data":[{"listDVBP":[{"totalQuyKhoanKDConLai":0,"totalQuyKhoanDAConLai":0,"totalQuyKhoanFisx":105.29813,"totalQuyKhoanDaChi":0,"LNBaseKeHoachHienTai":0,"totalQuyKhoanDADaChi_DA":0,"totalQuyKhoanKDNamNay":0,"totalQuyKhoanDA":0,"totalLuongKhoanChiTra_DA":0,"LNBaseKeHoachNam":0,"BoPhan":"FIS Bank","totalQuyKhoanDCFisx":76.76864,"totalQuyKhoan":0,"totalQuyKhoanDADaChi":0,"totalQuyKhoanKDConLai_KD":0,"totalQuyKhoanDA_DA":0,"totalQuyKhoanKD":0,"totalQuyKhoanKDDaChi_KD":0,"totalQuyKhoanKD_KD":0,"totalQuyKhoanKDNamTruoc":0,"totalLuongKhoanChiTra_KD":0,"totalQuyKhoanDV":0,"totalQuyKhoanCLFisx":28.52949,"totalQuyKhoanConLai":0,"totalQuyKhoanKDDaChi":0,"totalQuyKhoanDVConLai":0,"totalQuyKhoanDVDaChi":0,"totalQuyKhoanDAConLai_DA":0},{"totalQuyKhoanKDConLai":0.22343,"totalQuyKhoanDAConLai":0,"totalQuyKhoanFisx":0,"totalQuyKhoanDaChi":0,"LNBaseKeHoachHienTai":41.59704,"totalQuyKhoanDADaChi_DA":0,"totalQuyKhoanKDNamNay":0,"totalQuyKhoanDA":0,"totalLuongKhoanChiTra_DA":0,"LNBaseKeHoachNam":0,"BoPhan":"AB BNKSAL1","totalQuyKhoanDCFisx":0,"totalQuyKhoan":0,"totalQuyKhoanDADaChi":0,"totalQuyKhoanKDConLai_KD":0,"totalQuyKhoanDA_DA":0,"totalQuyKhoanKD":1.48916,"totalQuyKhoanKDDaChi_KD":0,"totalQuyKhoanKD_KD":0,"totalQuyKhoanKDNamTruoc":0,"totalLuongKhoanChiTra_KD":0,"totalQuyKhoanDV":2.29746,"totalQuyKhoanCLFisx":0,"totalQuyKhoanConLai":0,"totalQuyKhoanKDDaChi":1.26573,"totalQuyKhoanDVConLai":0.59373,"totalQuyKhoanDVDaChi":1.70373,"totalQuyKhoanDAConLai_DA":0},{"totalQuyKhoanKDConLai":0.42046,"totalQuyKhoanDAConLai":0,"totalQuyKhoanFisx":0,"totalQuyKhoanDaChi":0,"LNBaseKeHoachHienTai":14.83717,"totalQuyKhoanDADaChi_DA":0,"totalQuyKhoanKDNamNay":0,"totalQuyKhoanDA":0,"totalLuongKhoanChiTra_DA":0,"LNBaseKeHoachNam":0,"BoPhan":"AB BNKSAL2","totalQuyKhoanDCFisx":0,"totalQuyKhoan":0,"totalQuyKhoanDADaChi":0,"totalQuyKhoanKDConLai_KD":0,"totalQuyKhoanDA_DA":0,"totalQuyKhoanKD":2.03183,"totalQuyKhoanKDDaChi_KD":0,"totalQuyKhoanKD_KD":0,"totalQuyKhoanKDNamTruoc":0,"totalLuongKhoanChiTra_KD":0,"totalQuyKhoanDV":3.14831,"totalQuyKhoanCLFisx":0,"totalQuyKhoanConLai":0,"totalQuyKhoanKDDaChi":1.61137,"totalQuyKhoanDVConLai":0.97128,"totalQuyKhoanDVDaChi":2.17703,"totalQuyKhoanDAConLai_DA":0},{"totalQuyKhoanKDConLai":3.90004,"totalQuyKhoanDAConLai":-4.21987,"totalQuyKhoanFisx":0,"totalQuyKhoanDaChi":0,"LNBaseKeHoachHienTai":21.22708,"totalQuyKhoanDADaChi_DA":0,"totalQuyKhoanKDNamNay":0,"totalQuyKhoanDA":0,"totalLuongKhoanChiTra_DA":0,"LNBaseKeHoachNam":0,"BoPhan":"AB BNKSAL3","totalQuyKhoanDCFisx":0,"totalQuyKhoan":0,"totalQuyKhoanDADaChi":4.21987,"totalQuyKhoanKDConLai_KD":0,"totalQuyKhoanDA_DA":0,"totalQuyKhoanKD":5.16842,"totalQuyKhoanKDDaChi_KD":0,"totalQuyKhoanKD_KD":0,"totalQuyKhoanKDNamTruoc":0,"totalLuongKhoanChiTra_KD":0,"totalQuyKhoanDV":5.88806,"totalQuyKhoanCLFisx":0,"totalQuyKhoanConLai":0,"totalQuyKhoanKDDaChi":1.26838,"totalQuyKhoanDVConLai":-0.04127,"totalQuyKhoanDVDaChi":5.92933,"totalQuyKhoanDAConLai_DA":0},{"totalQuyKhoanKDConLai":2.40629,"totalQuyKhoanDAConLai":0,"totalQuyKhoanFisx":0,"totalQuyKhoanDaChi":0,"LNBaseKeHoachHienTai":44.840794,"totalQuyKhoanDADaChi_DA":0,"totalQuyKhoanKDNamNay":0,"totalQuyKhoanDA":0,"totalLuongKhoanChiTra_DA":0,"LNBaseKeHoachNam":0,"BoPhan":"AB BNKSAL5","totalQuyKhoanDCFisx":0,"totalQuyKhoan":0,"totalQuyKhoanDADaChi":0,"totalQuyKhoanKDConLai_KD":0,"totalQuyKhoanDA_DA":0,"totalQuyKhoanKD":5.4731,"totalQuyKhoanKDDaChi_KD":0,"totalQuyKhoanKD_KD":0,"totalQuyKhoanKDNamTruoc":0,"totalLuongKhoanChiTra_KD":0,"totalQuyKhoanDV":7.24375,"totalQuyKhoanCLFisx":0,"totalQuyKhoanConLai":0,"totalQuyKhoanKDDaChi":3.06681,"totalQuyKhoanDVConLai":3.73809,"totalQuyKhoanDVDaChi":3.50566,"totalQuyKhoanDAConLai_DA":0},{"totalQuyKhoanKDConLai":13.95731,"totalQuyKhoanDAConLai":-9.62034,"totalQuyKhoanFisx":0,"totalQuyKhoanDaChi":0,"LNBaseKeHoachHienTai":48.73182,"totalQuyKhoanDADaChi_DA":0,"totalQuyKhoanKDNamNay":0,"totalQuyKhoanDA":0,"totalLuongKhoanChiTra_DA":0,"LNBaseKeHoachNam":0,"BoPhan":"AB BNK HCM","totalQuyKhoanDCFisx":0,"totalQuyKhoan":0,"totalQuyKhoanDADaChi":9.62034,"totalQuyKhoanKDConLai_KD":0,"totalQuyKhoanDA_DA":0,"totalQuyKhoanKD":19.35516,"totalQuyKhoanKDDaChi_KD":0,"totalQuyKhoanKD_KD":0,"totalQuyKhoanKDNamTruoc":0,"totalLuongKhoanChiTra_KD":0,"totalQuyKhoanDV":20.33705,"totalQuyKhoanCLFisx":0,"totalQuyKhoanConLai":0,"totalQuyKhoanKDDaChi":5.39785,"totalQuyKhoanDVConLai":4.85472,"totalQuyKhoanDVDaChi":15.48233,"totalQuyKhoanDAConLai_DA":0},{"totalQuyKhoanKDConLai":0,"totalQuyKhoanDAConLai":0,"totalQuyKhoanFisx":0,"totalQuyKhoanDaChi":0,"LNBaseKeHoachHienTai":0,"totalQuyKhoanDADaChi_DA":0,"totalQuyKhoanKDNamNay":0,"totalQuyKhoanDA":1.14432,"totalLuongKhoanChiTra_DA":0,"LNBaseKeHoachNam":0,"BoPhan":"PB BNK PMO","totalQuyKhoanDCFisx":0,"totalQuyKhoan":0,"totalQuyKhoanDADaChi":1.14432,"totalQuyKhoanKDConLai_KD":0,"totalQuyKhoanDA_DA":0,"totalQuyKhoanKD":0,"totalQuyKhoanKDDaChi_KD":0,"totalQuyKhoanKD_KD":0,"totalQuyKhoanKDNamTruoc":0,"totalLuongKhoanChiTra_KD":0,"totalQuyKhoanDV":1.14432,"totalQuyKhoanCLFisx":0,"totalQuyKhoanConLai":0,"totalQuyKhoanKDDaChi":0,"totalQuyKhoanDVConLai":0,"totalQuyKhoanDVDaChi":1.14432,"totalQuyKhoanDAConLai_DA":0},{"totalQuyKhoanKDConLai":0,"totalQuyKhoanDAConLai":-3.27295,"totalQuyKhoanFisx":0,"totalQuyKhoanDaChi":0,"LNBaseKeHoachHienTai":28.093811,"totalQuyKhoanDADaChi_DA":0,"totalQuyKhoanKDNamNay":0,"totalQuyKhoanDA":14.1838,"totalLuongKhoanChiTra_DA":0,"LNBaseKeHoachNam":0,"BoPhan":"PB BNKFIN","totalQuyKhoanDCFisx":0,"totalQuyKhoan":0,"totalQuyKhoanDADaChi":17.45675,"totalQuyKhoanKDConLai_KD":0,"totalQuyKhoanDA_DA":0,"totalQuyKhoanKD":0,"totalQuyKhoanKDDaChi_KD":0,"totalQuyKhoanKD_KD":0,"totalQuyKhoanKDNamTruoc":0,"totalLuongKhoanChiTra_KD":0,"totalQuyKhoanDV":15.37129,"totalQuyKhoanCLFisx":0,"totalQuyKhoanConLai":0,"totalQuyKhoanKDDaChi":0,"totalQuyKhoanDVConLai":-2.90233,"totalQuyKhoanDVDaChi":18.27362,"totalQuyKhoanDAConLai_DA":0},{"totalQuyKhoanKDConLai":0,"totalQuyKhoanDAConLai":-1.29602,"totalQuyKhoanFisx":0,"totalQuyKhoanDaChi":0,"LNBaseKeHoachHienTai":12.44244,"totalQuyKhoanDADaChi_DA":0,"totalQuyKhoanKDNamNay":0,"totalQuyKhoanDA":2.25123,"totalLuongKhoanChiTra_DA":0,"LNBaseKeHoachNam":0,"BoPhan":"PB BNKPAY","totalQuyKhoanDCFisx":0,"totalQuyKhoan":0,"totalQuyKhoanDADaChi":3.54725,"totalQuyKhoanKDConLai_KD":0,"totalQuyKhoanDA_DA":0,"totalQuyKhoanKD":0,"totalQuyKhoanKDDaChi_KD":0,"totalQuyKhoanKD_KD":0,"totalQuyKhoanKDNamTruoc":0,"totalLuongKhoanChiTra_KD":0,"totalQuyKhoanDV":3.10497,"totalQuyKhoanCLFisx":0,"totalQuyKhoanConLai":0,"totalQuyKhoanKDDaChi":0,"totalQuyKhoanDVConLai":-0.59298,"totalQuyKhoanDVDaChi":3.69795,"totalQuyKhoanDAConLai_DA":0},{"totalQuyKhoanKDConLai":0,"totalQuyKhoanDAConLai":3.91205,"totalQuyKhoanFisx":0,"totalQuyKhoanDaChi":0,"LNBaseKeHoachHienTai":20.09683,"totalQuyKhoanDADaChi_DA":0,"totalQuyKhoanKDNamNay":0,"totalQuyKhoanDA":9.23141,"totalLuongKhoanChiTra_DA":0,"LNBaseKeHoachNam":0,"BoPhan":"PB BNKDATA","totalQuyKhoanDCFisx":0,"totalQuyKhoan":0,"totalQuyKhoanDADaChi":5.31936,"totalQuyKhoanKDConLai_KD":0,"totalQuyKhoanDA_DA":0,"totalQuyKhoanKD":0,"totalQuyKhoanKDDaChi_KD":0,"totalQuyKhoanKD_KD":0,"totalQuyKhoanKDNamTruoc":0,"totalLuongKhoanChiTra_KD":0,"totalQuyKhoanDV":10.4375,"totalQuyKhoanCLFisx":0,"totalQuyKhoanConLai":0,"totalQuyKhoanKDDaChi":0,"totalQuyKhoanDVConLai":3.94828,"totalQuyKhoanDVDaChi":6.48922,"totalQuyKhoanDAConLai_DA":0},{"totalQuyKhoanKDConLai":0,"totalQuyKhoanDAConLai":0,"totalQuyKhoanFisx":0,"totalQuyKhoanDaChi":0,"LNBaseKeHoachHienTai":0.00694,"totalQuyKhoanDADaChi_DA":0,"totalQuyKhoanKDNamNay":0,"totalQuyKhoanDA":0.83231,"totalLuongKhoanChiTra_DA":0,"LNBaseKeHoachNam":0,"BoPhan":"PrBBNKMPU","totalQuyKhoanDCFisx":0,"totalQuyKhoan":0,"totalQuyKhoanDADaChi":0.83231,"totalQuyKhoanKDConLai_KD":0,"totalQuyKhoanDA_DA":0,"totalQuyKhoanKD":0,"totalQuyKhoanKDDaChi_KD":0,"totalQuyKhoanKD_KD":0,"totalQuyKhoanKDNamTruoc":0,"totalLuongKhoanChiTra_KD":0,"totalQuyKhoanDV":0.83231,"totalQuyKhoanCLFisx":0,"totalQuyKhoanConLai":0,"totalQuyKhoanKDDaChi":0,"totalQuyKhoanDVConLai":0,"totalQuyKhoanDVDaChi":0.83231,"totalQuyKhoanDAConLai_DA":0},{"totalQuyKhoanKDConLai":0,"totalQuyKhoanDAConLai":0,"totalQuyKhoanFisx":0,"totalQuyKhoanDaChi":0,"LNBaseKeHoachHienTai":4.93901,"totalQuyKhoanDADaChi_DA":0,"totalQuyKhoanKDNamNay":0,"totalQuyKhoanDA":9.13314,"totalLuongKhoanChiTra_DA":0,"LNBaseKeHoachNam":0,"BoPhan":"PrBBNKBIDV","totalQuyKhoanDCFisx":0,"totalQuyKhoan":0,"totalQuyKhoanDADaChi":9.13314,"totalQuyKhoanKDConLai_KD":0,"totalQuyKhoanDA_DA":0,"totalQuyKhoanKD":0,"totalQuyKhoanKDDaChi_KD":0,"totalQuyKhoanKD_KD":0,"totalQuyKhoanKDNamTruoc":0,"totalLuongKhoanChiTra_KD":0,"totalQuyKhoanDV":9.13314,"totalQuyKhoanCLFisx":0,"totalQuyKhoanConLai":0,"totalQuyKhoanKDDaChi":0,"totalQuyKhoanDVConLai":0,"totalQuyKhoanDVDaChi":9.13314,"totalQuyKhoanDAConLai_DA":0},{"totalQuyKhoanKDConLai":0,"totalQuyKhoanDAConLai":0,"totalQuyKhoanFisx":0,"totalQuyKhoanDaChi":0,"LNBaseKeHoachHienTai":-0.1304,"totalQuyKhoanDADaChi_DA":0,"totalQuyKhoanKDNamNay":0,"totalQuyKhoanDA":2.28474,"totalLuongKhoanChiTra_DA":0,"LNBaseKeHoachNam":0,"BoPhan":"PrBBNKSG31","totalQuyKhoanDCFisx":0,"totalQuyKhoan":0,"totalQuyKhoanDADaChi":2.28474,"totalQuyKhoanKDConLai_KD":0,"totalQuyKhoanDA_DA":0,"totalQuyKhoanKD":0,"totalQuyKhoanKDDaChi_KD":0,"totalQuyKhoanKD_KD":0,"totalQuyKhoanKDNamTruoc":0,"totalLuongKhoanChiTra_KD":0,"totalQuyKhoanDV":2.28474,"totalQuyKhoanCLFisx":0,"totalQuyKhoanConLai":0,"totalQuyKhoanKDDaChi":0,"totalQuyKhoanDVConLai":0,"totalQuyKhoanDVDaChi":2.28474,"totalQuyKhoanDAConLai_DA":0},{"totalQuyKhoanKDConLai":0,"totalQuyKhoanDAConLai":0,"totalQuyKhoanFisx":0,"totalQuyKhoanDaChi":0,"LNBaseKeHoachHienTai":11.48595,"totalQuyKhoanDADaChi_DA":0,"totalQuyKhoanKDNamNay":0,"totalQuyKhoanDA":0,"totalLuongKhoanChiTra_DA":0,"LNBaseKeHoachNam":0,"BoPhan":"Back Office + BOM","totalQuyKhoanDCFisx":0,"totalQuyKhoan":0,"totalQuyKhoanDADaChi":0,"totalQuyKhoanKDConLai_KD":0,"totalQuyKhoanDA_DA":0,"totalQuyKhoanKD":0,"totalQuyKhoanKDDaChi_KD":0,"totalQuyKhoanKD_KD":0,"totalQuyKhoanKDNamTruoc":0,"totalLuongKhoanChiTra_KD":0,"totalQuyKhoanDV":24.07524,"totalQuyKhoanCLFisx":0,"totalQuyKhoanConLai":0,"totalQuyKhoanKDDaChi":0,"totalQuyKhoanDVConLai":17.95998,"totalQuyKhoanDVDaChi":6.11526,"totalQuyKhoanDAConLai_DA":0}],"totalQuyKhoanDaChiFIS":0,"idFisX":715,"totalQuyKhoanConLaiFIS":0,"totalQuyKhoanFIS":0},{"listDVBP":[{"totalQuyKhoanKDConLai":0,"totalQuyKhoanDAConLai":0,"totalQuyKhoanFisx":1.07968,"totalQuyKhoanDaChi":0,"LNBaseKeHoachHienTai":0,"totalQuyKhoanDADaChi_DA":0,"totalQuyKhoanKDNamNay":0,"totalQuyKhoanDA":0,"totalLuongKhoanChiTra_DA":0,"LNBaseKeHoachNam":0,"BoPhan":"FIS GMC","totalQuyKhoanDCFisx":14.55925,"totalQuyKhoan":0,"totalQuyKhoanDADaChi":0,"totalQuyKhoanKDConLai_KD":0,"totalQuyKhoanDA_DA":0,"totalQuyKhoanKD":0,"totalQuyKhoanKDDaChi_KD":0,"totalQuyKhoanKD_KD":0,"totalQuyKhoanKDNamTruoc":0,"totalLuongKhoanChiTra_KD":0,"totalQuyKhoanDV":0,"totalQuyKhoanCLFisx":-13.47957,"totalQuyKhoanConLai":0,"totalQuyKhoanKDDaChi":0,"totalQuyKhoanDVConLai":0,"totalQuyKhoanDVDaChi":0,"totalQuyKhoanDAConLai_DA":0},{"totalQuyKhoanKDConLai":28.66632,"totalQuyKhoanDAConLai":60,"totalQuyKhoanFisx":0,"totalQuyKhoanDaChi":0,"LNBaseKeHoachHienTai":10.25927,"totalQuyKhoanDADaChi_DA":0,"totalQuyKhoanKDNamNay":0,"totalQuyKhoanDA":60,"totalLuongKhoanChiTra_DA":0,"LNBaseKeHoachNam":0,"BoPhan":"PB GMC SSC","totalQuyKhoanDCFisx":0,"totalQuyKhoan":0,"totalQuyKhoanDADaChi":0,"totalQuyKhoanKDConLai_KD":0,"totalQuyKhoanDA_DA":0,"totalQuyKhoanKD":32,"totalQuyKhoanKDDaChi_KD":0,"totalQuyKhoanKD_KD":0,"totalQuyKhoanKDNamTruoc":0,"totalLuongKhoanChiTra_KD":0,"totalQuyKhoanDV":172,"totalQuyKhoanCLFisx":0,"totalQuyKhoanConLai":0,"totalQuyKhoanKDDaChi":3.33368,"totalQuyKhoanDVConLai":165.85536,"totalQuyKhoanDVDaChi":6.14464,"totalQuyKhoanDAConLai_DA":0},{"totalQuyKhoanKDConLai":7.596,"totalQuyKhoanDAConLai":15,"totalQuyKhoanFisx":0,"totalQuyKhoanDaChi":0,"LNBaseKeHoachHienTai":10.27415,"totalQuyKhoanDADaChi_DA":0,"totalQuyKhoanKDNamNay":0,"totalQuyKhoanDA":15,"totalLuongKhoanChiTra_DA":0,"LNBaseKeHoachNam":0,"BoPhan":"PB GMCeGOV","totalQuyKhoanDCFisx":0,"totalQuyKhoan":0,"totalQuyKhoanDADaChi":0,"totalQuyKhoanKDConLai_KD":0,"totalQuyKhoanDA_DA":0,"totalQuyKhoanKD":8,"totalQuyKhoanKDDaChi_KD":0,"totalQuyKhoanKD_KD":0,"totalQuyKhoanKDNamTruoc":0,"totalLuongKhoanChiTra_KD":0,"totalQuyKhoanDV":43,"totalQuyKhoanCLFisx":0,"totalQuyKhoanConLai":0,"totalQuyKhoanKDDaChi":0.404,"totalQuyKhoanDVConLai":42.39053,"totalQuyKhoanDVDaChi":0.60947,"totalQuyKhoanDAConLai_DA":0},{"totalQuyKhoanKDConLai":0,"totalQuyKhoanDAConLai":0,"totalQuyKhoanFisx":0,"totalQuyKhoanDaChi":0,"LNBaseKeHoachHienTai":-1.0518501,"totalQuyKhoanDADaChi_DA":0,"totalQuyKhoanKDNamNay":0,"totalQuyKhoanDA":0,"totalLuongKhoanChiTra_DA":0,"LNBaseKeHoachNam":0,"BoPhan":"Back Office + BOM","totalQuyKhoanDCFisx":0,"totalQuyKhoan":0,"totalQuyKhoanDADaChi":0,"totalQuyKhoanKDConLai_KD":0,"totalQuyKhoanDA_DA":0,"totalQuyKhoanKD":0,"totalQuyKhoanKDDaChi_KD":0,"totalQuyKhoanKD_KD":0,"totalQuyKhoanKDNamTruoc":0,"totalLuongKhoanChiTra_KD":0,"totalQuyKhoanDV":-213.92032,"totalQuyKhoanCLFisx":0,"totalQuyKhoanConLai":0,"totalQuyKhoanKDDaChi":0,"totalQuyKhoanDVConLai":-215.42032,"totalQuyKhoanDVDaChi":1.5,"totalQuyKhoanDAConLai_DA":0}],"totalQuyKhoanDaChiFIS":0,"idFisX":763,"totalQuyKhoanConLaiFIS":0,"totalQuyKhoanFIS":0},{"listDVBP":[{"totalQuyKhoanKDConLai":0,"totalQuyKhoanDAConLai":0,"totalQuyKhoanFisx":1.07968,"totalQuyKhoanDaChi":0,"LNBaseKeHoachHienTai":0,"totalQuyKhoanDADaChi_DA":0,"totalQuyKhoanKDNamNay":0,"totalQuyKhoanDA":0,"totalLuongKhoanChiTra_DA":0,"LNBaseKeHoachNam":0,"BoPhan":"FIS SRV","totalQuyKhoanDCFisx":14.55925,"totalQuyKhoan":0,"totalQuyKhoanDADaChi":0,"totalQuyKhoanKDConLai_KD":0,"totalQuyKhoanDA_DA":0,"totalQuyKhoanKD":0,"totalQuyKhoanKDDaChi_KD":0,"totalQuyKhoanKD_KD":0,"totalQuyKhoanKDNamTruoc":0,"totalLuongKhoanChiTra_KD":0,"totalQuyKhoanDV":0,"totalQuyKhoanCLFisx":-13.47957,"totalQuyKhoanConLai":0,"totalQuyKhoanKDDaChi":0,"totalQuyKhoanDVConLai":0,"totalQuyKhoanDVDaChi":0,"totalQuyKhoanDAConLai_DA":0},{"totalQuyKhoanKDConLai":11.16658,"totalQuyKhoanDAConLai":9,"totalQuyKhoanFisx":0,"totalQuyKhoanDaChi":0,"LNBaseKeHoachHienTai":5.8498797,"totalQuyKhoanDADaChi_DA":0,"totalQuyKhoanKDNamNay":0,"totalQuyKhoanDA":9,"totalLuongKhoanChiTra_DA":0,"LNBaseKeHoachNam":0,"BoPhan":"PB SRVBSS1","totalQuyKhoanDCFisx":0,"totalQuyKhoan":0,"totalQuyKhoanDADaChi":0,"totalQuyKhoanKDConLai_KD":0,"totalQuyKhoanDA_DA":0,"totalQuyKhoanKD":12,"totalQuyKhoanKDDaChi_KD":0,"totalQuyKhoanKD_KD":0,"totalQuyKhoanKDNamTruoc":0,"totalLuongKhoanChiTra_KD":0,"totalQuyKhoanDV":43,"totalQuyKhoanCLFisx":0,"totalQuyKhoanConLai":0,"totalQuyKhoanKDDaChi":0.83342,"totalQuyKhoanDVConLai":41.46384,"totalQuyKhoanDVDaChi":1.53616,"totalQuyKhoanDAConLai_DA":0},{"totalQuyKhoanKDConLai":11.22844,"totalQuyKhoanDAConLai":9,"totalQuyKhoanFisx":0,"totalQuyKhoanDaChi":0,"LNBaseKeHoachHienTai":3.1912599,"totalQuyKhoanDADaChi_DA":0,"totalQuyKhoanKDNamNay":0,"totalQuyKhoanDA":9,"totalLuongKhoanChiTra_DA":0,"LNBaseKeHoachNam":0,"BoPhan":"PB SRVSSI1","totalQuyKhoanDCFisx":0,"totalQuyKhoan":0,"totalQuyKhoanDADaChi":0,"totalQuyKhoanKDConLai_KD":0,"totalQuyKhoanDA_DA":0,"totalQuyKhoanKD":12,"totalQuyKhoanKDDaChi_KD":0,"totalQuyKhoanKD_KD":0,"totalQuyKhoanKDNamTruoc":0,"totalLuongKhoanChiTra_KD":0,"totalQuyKhoanDV":43,"totalQuyKhoanCLFisx":0,"totalQuyKhoanConLai":0,"totalQuyKhoanKDDaChi":0.77156,"totalQuyKhoanDVConLai":41.8757,"totalQuyKhoanDVDaChi":1.1243,"totalQuyKhoanDAConLai_DA":0},{"totalQuyKhoanKDConLai":11.596,"totalQuyKhoanDAConLai":9,"totalQuyKhoanFisx":0,"totalQuyKhoanDaChi":0,"LNBaseKeHoachHienTai":10.27415,"totalQuyKhoanDADaChi_DA":0,"totalQuyKhoanKDNamNay":0,"totalQuyKhoanDA":9,"totalLuongKhoanChiTra_DA":0,"LNBaseKeHoachNam":0,"BoPhan":"BOM SRV HN","totalQuyKhoanDCFisx":0,"totalQuyKhoan":0,"totalQuyKhoanDADaChi":0,"totalQuyKhoanKDConLai_KD":0,"totalQuyKhoanDA_DA":0,"totalQuyKhoanKD":12,"totalQuyKhoanKDDaChi_KD":0,"totalQuyKhoanKD_KD":0,"totalQuyKhoanKDNamTruoc":0,"totalLuongKhoanChiTra_KD":0,"totalQuyKhoanDV":43,"totalQuyKhoanCLFisx":0,"totalQuyKhoanConLai":0,"totalQuyKhoanKDDaChi":0.404,"totalQuyKhoanDVConLai":42.39053,"totalQuyKhoanDVDaChi":0.60947,"totalQuyKhoanDAConLai_DA":0},{"totalQuyKhoanKDConLai":11.75146,"totalQuyKhoanDAConLai":9,"totalQuyKhoanFisx":0,"totalQuyKhoanDaChi":0,"LNBaseKeHoachHienTai":0.81087,"totalQuyKhoanDADaChi_DA":0,"totalQuyKhoanKDNamNay":0,"totalQuyKhoanDA":9,"totalLuongKhoanChiTra_DA":0,"LNBaseKeHoachNam":0,"BoPhan":"AB SRV ESC","totalQuyKhoanDCFisx":0,"totalQuyKhoan":0,"totalQuyKhoanDADaChi":0,"totalQuyKhoanKDConLai_KD":0,"totalQuyKhoanDA_DA":0,"totalQuyKhoanKD":12,"totalQuyKhoanKDDaChi_KD":0,"totalQuyKhoanKD_KD":0,"totalQuyKhoanKDNamTruoc":0,"totalLuongKhoanChiTra_KD":0,"totalQuyKhoanDV":43,"totalQuyKhoanCLFisx":0,"totalQuyKhoanConLai":0,"totalQuyKhoanKDDaChi":0.24854,"totalQuyKhoanDVConLai":42.54599,"totalQuyKhoanDVDaChi":0.45401,"totalQuyKhoanDAConLai_DA":0},{"totalQuyKhoanKDConLai":0,"totalQuyKhoanDAConLai":-9.08257,"totalQuyKhoanFisx":0,"totalQuyKhoanDaChi":0,"LNBaseKeHoachHienTai":0.40726,"totalQuyKhoanDADaChi_DA":0,"totalQuyKhoanKDNamNay":0,"totalQuyKhoanDA":0,"totalLuongKhoanChiTra_DA":0,"LNBaseKeHoachNam":0,"BoPhan":"PB SRV MSC","totalQuyKhoanDCFisx":0,"totalQuyKhoan":0,"totalQuyKhoanDADaChi":9.08257,"totalQuyKhoanKDConLai_KD":0,"totalQuyKhoanDA_DA":0,"totalQuyKhoanKD":0,"totalQuyKhoanKDDaChi_KD":0,"totalQuyKhoanKD_KD":0,"totalQuyKhoanKDNamTruoc":0,"totalLuongKhoanChiTra_KD":0,"totalQuyKhoanDV":0,"totalQuyKhoanCLFisx":0,"totalQuyKhoanConLai":0,"totalQuyKhoanKDDaChi":0,"totalQuyKhoanDVConLai":-9.3353,"totalQuyKhoanDVDaChi":9.3353,"totalQuyKhoanDAConLai_DA":0},{"totalQuyKhoanKDConLai":0,"totalQuyKhoanDAConLai":0,"totalQuyKhoanFisx":0,"totalQuyKhoanDaChi":0,"LNBaseKeHoachHienTai":-1.0518501,"totalQuyKhoanDADaChi_DA":0,"totalQuyKhoanKDNamNay":0,"totalQuyKhoanDA":0,"totalLuongKhoanChiTra_DA":0,"LNBaseKeHoachNam":0,"BoPhan":"Back Office + BOM","totalQuyKhoanDCFisx":0,"totalQuyKhoan":0,"totalQuyKhoanDADaChi":0,"totalQuyKhoanKDConLai_KD":0,"totalQuyKhoanDA_DA":0,"totalQuyKhoanKD":0,"totalQuyKhoanKDDaChi_KD":0,"totalQuyKhoanKD_KD":0,"totalQuyKhoanKDNamTruoc":0,"totalLuongKhoanChiTra_KD":0,"totalQuyKhoanDV":-170.92032,"totalQuyKhoanCLFisx":0,"totalQuyKhoanConLai":0,"totalQuyKhoanKDDaChi":0,"totalQuyKhoanDVConLai":-172.42032,"totalQuyKhoanDVDaChi":1.5,"totalQuyKhoanDAConLai_DA":0}],"totalQuyKhoanDaChiFIS":0,"idFisX":699,"totalQuyKhoanConLaiFIS":0,"totalQuyKhoanFIS":0},{"listDVBP":[{"totalQuyKhoanKDConLai":0,"totalQuyKhoanDAConLai":0,"totalQuyKhoanFisx":1.07968,"totalQuyKhoanDaChi":0,"LNBaseKeHoachHienTai":0,"totalQuyKhoanDADaChi_DA":0,"totalQuyKhoanKDNamNay":0,"totalQuyKhoanDA":0,"totalLuongKhoanChiTra_DA":0,"LNBaseKeHoachNam":0,"BoPhan":"FIS CA","totalQuyKhoanDCFisx":14.55925,"totalQuyKhoan":0,"totalQuyKhoanDADaChi":0,"totalQuyKhoanKDConLai_KD":0,"totalQuyKhoanDA_DA":0,"totalQuyKhoanKD":0,"totalQuyKhoanKDDaChi_KD":0,"totalQuyKhoanKD_KD":0,"totalQuyKhoanKDNamTruoc":0,"totalLuongKhoanChiTra_KD":0,"totalQuyKhoanDV":0,"totalQuyKhoanCLFisx":-13.47957,"totalQuyKhoanConLai":0,"totalQuyKhoanKDDaChi":0,"totalQuyKhoanDVConLai":0,"totalQuyKhoanDVDaChi":0,"totalQuyKhoanDAConLai_DA":0},{"totalQuyKhoanKDConLai":66.99948,"totalQuyKhoanDAConLai":54,"totalQuyKhoanFisx":0,"totalQuyKhoanDaChi":0,"LNBaseKeHoachHienTai":19.48157,"totalQuyKhoanDADaChi_DA":0,"totalQuyKhoanKDNamNay":0,"totalQuyKhoanDA":54,"totalLuongKhoanChiTra_DA":0,"LNBaseKeHoachNam":0,"BoPhan":"AB CA HN","totalQuyKhoanDCFisx":0,"totalQuyKhoan":0,"totalQuyKhoanDADaChi":0,"totalQuyKhoanKDConLai_KD":0,"totalQuyKhoanDA_DA":0,"totalQuyKhoanKD":72,"totalQuyKhoanKDDaChi_KD":0,"totalQuyKhoanKD_KD":0,"totalQuyKhoanKDNamTruoc":0,"totalLuongKhoanChiTra_KD":0,"totalQuyKhoanDV":258,"totalQuyKhoanCLFisx":0,"totalQuyKhoanConLai":0,"totalQuyKhoanKDDaChi":5.0005198,"totalQuyKhoanDVConLai":248.78304,"totalQuyKhoanDVDaChi":9.21696,"totalQuyKhoanDAConLai_DA":0}],"totalQuyKhoanDaChiFIS":0,"idFisX":713,"totalQuyKhoanConLaiFIS":0,"totalQuyKhoanFIS":0},{"listDVBP":[{"totalQuyKhoanKDConLai":0,"totalQuyKhoanDAConLai":0,"totalQuyKhoanFisx":1.07968,"totalQuyKhoanDaChi":0,"LNBaseKeHoachHienTai":0,"totalQuyKhoanDADaChi_DA":0,"totalQuyKhoanKDNamNay":0,"totalQuyKhoanDA":0,"totalLuongKhoanChiTra_DA":0,"LNBaseKeHoachNam":0,"BoPhan":"FIS FTS","totalQuyKhoanDCFisx":14.55925,"totalQuyKhoan":0,"totalQuyKhoanDADaChi":0,"totalQuyKhoanKDConLai_KD":0,"totalQuyKhoanDA_DA":0,"totalQuyKhoanKD":0,"totalQuyKhoanKDDaChi_KD":0,"totalQuyKhoanKD_KD":0,"totalQuyKhoanKDNamTruoc":0,"totalLuongKhoanChiTra_KD":0,"totalQuyKhoanDV":0,"totalQuyKhoanCLFisx":-13.47957,"totalQuyKhoanConLai":0,"totalQuyKhoanKDDaChi":0,"totalQuyKhoanDVConLai":0,"totalQuyKhoanDVDaChi":0,"totalQuyKhoanDAConLai_DA":0},{"totalQuyKhoanKDConLai":33.49974,"totalQuyKhoanDAConLai":27,"totalQuyKhoanFisx":0,"totalQuyKhoanDaChi":0,"LNBaseKeHoachHienTai":16.53129,"totalQuyKhoanDADaChi_DA":0,"totalQuyKhoanKDNamNay":0,"totalQuyKhoanDA":27,"totalLuongKhoanChiTra_DA":0,"LNBaseKeHoachNam":0,"BoPhan":"PB DSVN","totalQuyKhoanDCFisx":0,"totalQuyKhoan":0,"totalQuyKhoanDADaChi":0,"totalQuyKhoanKDConLai_KD":0,"totalQuyKhoanDA_DA":0,"totalQuyKhoanKD":36,"totalQuyKhoanKDDaChi_KD":0,"totalQuyKhoanKD_KD":0,"totalQuyKhoanKDNamTruoc":0,"totalLuongKhoanChiTra_KD":0,"totalQuyKhoanDV":129,"totalQuyKhoanCLFisx":0,"totalQuyKhoanConLai":0,"totalQuyKhoanKDDaChi":2.5002599,"totalQuyKhoanDVConLai":124.391525,"totalQuyKhoanDVDaChi":4.60848,"totalQuyKhoanDAConLai_DA":0},{"totalQuyKhoanKDConLai":33.68532,"totalQuyKhoanDAConLai":27,"totalQuyKhoanFisx":0,"totalQuyKhoanDaChi":0,"LNBaseKeHoachHienTai":2.95028,"totalQuyKhoanDADaChi_DA":0,"totalQuyKhoanKDNamNay":0,"totalQuyKhoanDA":27,"totalLuongKhoanChiTra_DA":0,"LNBaseKeHoachNam":0,"BoPhan":"FTS HCM","totalQuyKhoanDCFisx":0,"totalQuyKhoan":0,"totalQuyKhoanDADaChi":0,"totalQuyKhoanKDConLai_KD":0,"totalQuyKhoanDA_DA":0,"totalQuyKhoanKD":36,"totalQuyKhoanKDDaChi_KD":0,"totalQuyKhoanKD_KD":0,"totalQuyKhoanKDNamTruoc":0,"totalLuongKhoanChiTra_KD":0,"totalQuyKhoanDV":129,"totalQuyKhoanCLFisx":0,"totalQuyKhoanConLai":0,"totalQuyKhoanKDDaChi":2.31468,"totalQuyKhoanDVConLai":125.627106,"totalQuyKhoanDVDaChi":3.3729,"totalQuyKhoanDAConLai_DA":0}],"totalQuyKhoanDaChiFIS":0,"idFisX":741,"totalQuyKhoanConLaiFIS":0,"totalQuyKhoanFIS":0},{"listDVBP":[{"totalQuyKhoanKDConLai":0,"totalQuyKhoanDAConLai":0,"totalQuyKhoanFisx":1.07968,"totalQuyKhoanDaChi":0,"LNBaseKeHoachHienTai":0,"totalQuyKhoanDADaChi_DA":0,"totalQuyKhoanKDNamNay":0,"totalQuyKhoanDA":0,"totalLuongKhoanChiTra_DA":0,"LNBaseKeHoachNam":0,"BoPhan":"FIS OBC","totalQuyKhoanDCFisx":14.55925,"totalQuyKhoan":0,"totalQuyKhoanDADaChi":0,"totalQuyKhoanKDConLai_KD":0,"totalQuyKhoanDA_DA":0,"totalQuyKhoanKD":0,"totalQuyKhoanKDDaChi_KD":0,"totalQuyKhoanKD_KD":0,"totalQuyKhoanKDNamTruoc":0,"totalLuongKhoanChiTra_KD":0,"totalQuyKhoanDV":0,"totalQuyKhoanCLFisx":-13.47957,"totalQuyKhoanConLai":0,"totalQuyKhoanKDDaChi":0,"totalQuyKhoanDVConLai":0,"totalQuyKhoanDVDaChi":0,"totalQuyKhoanDAConLai_DA":0},{"totalQuyKhoanKDConLai":33.49974,"totalQuyKhoanDAConLai":27,"totalQuyKhoanFisx":0,"totalQuyKhoanDaChi":0,"LNBaseKeHoachHienTai":16.53129,"totalQuyKhoanDADaChi_DA":0,"totalQuyKhoanKDNamNay":0,"totalQuyKhoanDA":27,"totalLuongKhoanChiTra_DA":0,"LNBaseKeHoachNam":0,"BoPhan":"FIS OBC HN","totalQuyKhoanDCFisx":0,"totalQuyKhoan":0,"totalQuyKhoanDADaChi":0,"totalQuyKhoanKDConLai_KD":0,"totalQuyKhoanDA_DA":0,"totalQuyKhoanKD":36,"totalQuyKhoanKDDaChi_KD":0,"totalQuyKhoanKD_KD":0,"totalQuyKhoanKDNamTruoc":0,"totalLuongKhoanChiTra_KD":0,"totalQuyKhoanDV":129,"totalQuyKhoanCLFisx":0,"totalQuyKhoanConLai":0,"totalQuyKhoanKDDaChi":2.5002599,"totalQuyKhoanDVConLai":124.391525,"totalQuyKhoanDVDaChi":4.60848,"totalQuyKhoanDAConLai_DA":0},{"totalQuyKhoanKDConLai":33.68532,"totalQuyKhoanDAConLai":27,"totalQuyKhoanFisx":0,"totalQuyKhoanDaChi":0,"LNBaseKeHoachHienTai":2.95028,"totalQuyKhoanDADaChi_DA":0,"totalQuyKhoanKDNamNay":0,"totalQuyKhoanDA":27,"totalLuongKhoanChiTra_DA":0,"LNBaseKeHoachNam":0,"BoPhan":"FIS OBCHCM","totalQuyKhoanDCFisx":0,"totalQuyKhoan":0,"totalQuyKhoanDADaChi":0,"totalQuyKhoanKDConLai_KD":0,"totalQuyKhoanDA_DA":0,"totalQuyKhoanKD":36,"totalQuyKhoanKDDaChi_KD":0,"totalQuyKhoanKD_KD":0,"totalQuyKhoanKDNamTruoc":0,"totalLuongKhoanChiTra_KD":0,"totalQuyKhoanDV":129,"totalQuyKhoanCLFisx":0,"totalQuyKhoanConLai":0,"totalQuyKhoanKDDaChi":2.31468,"totalQuyKhoanDVConLai":125.627106,"totalQuyKhoanDVDaChi":3.3729,"totalQuyKhoanDAConLai_DA":0}],"totalQuyKhoanDaChiFIS":0,"idFisX":760,"totalQuyKhoanConLaiFIS":0,"totalQuyKhoanFIS":0}]}