{"error_code":"SUCCESSFUL","error_message":"","data":[{"id":715,"Parent":null,"TenParent":null,"TenFisX":"FIS BANK","NgayThem":1589907600000,"CapDo":null,"listDepartment":[{"id":716,"Parent":715,"TenParent":"FIS BANK","TenFisX":"AB BNKSAL5","NgayThem":1589907600000,"CapDo":null,"listDepartment":null,"capDo":null,"tenFisX":"AB BNKSAL5","ngayThem":1589907600000,"tenParent":"FIS BANK","parent":715},{"id":717,"Parent":715,"TenParent":"FIS BANK","TenFisX":"PrB BNKVCB","NgayThem":1589907600000,"CapDo":null,"listDepartment":null,"capDo":null,"tenFisX":"PrB BNKVCB","ngayThem":1589907600000,"tenParent":"FIS BANK","parent":715},{"id":718,"Parent":715,"TenParent":"FIS BANK","TenFisX":"PB BNKFIN","NgayThem":1589907600000,"CapDo":null,"listDepartment":null,"capDo":null,"tenFisX":"PB BNKFIN","ngayThem":1589907600000,"tenParent":"FIS BANK","parent":715},{"id":719,"Parent":715,"TenParent":"FIS BANK","TenFisX":"BOM BNK HN","NgayThem":1589907600000,"CapDo":null,"listDepartment":null,"capDo":null,"tenFisX":"BOM BNK HN","ngayThem":1589907600000,"tenParent":"FIS BANK","parent":715},{"id":720,"Parent":715,"TenParent":"FIS BANK","TenFisX":"PrBBNKBIDV","NgayThem":1589907600000,"CapDo":null,"listDepartment":null,"capDo":null,"tenFisX":"PrBBNKBIDV","ngayThem":1589907600000,"tenParent":"FIS BANK","parent":715},{"id":721,"Parent":715,"TenParent":"FIS BANK","TenFisX":"AB BNK HCM","NgayThem":1589907600000,"CapDo":null,"listDepartment":null,"capDo":null,"tenFisX":"AB BNK HCM","ngayThem":1589907600000,"tenParent":"FIS BANK","parent":715},{"id":722,"Parent":715,"TenParent":"FIS BANK","TenFisX":"BO BNK HCM","NgayThem":1589907600000,"CapDo":null,"listDepartment":null,"capDo":null,"tenFisX":"BO BNK HCM","ngayThem":1589907600000,"tenParent":"FIS BANK","parent":715},{"id":723,"Parent":715,"TenParent":"FIS BANK","TenFisX":"AB BNKSAL1","NgayThem":1589907600000,"CapDo":null,"listDepartment":null,"capDo":null,"tenFisX":"AB BNKSAL1","ngayThem":1589907600000,"tenParent":"FIS BANK","parent":715},{"id":724,"Parent":715,"TenParent":"FIS BANK","TenFisX":"PB BNKDATA","NgayThem":1589907600000,"CapDo":null,"listDepartment":null,"capDo":null,"tenFisX":"PB BNKDATA","ngayThem":1589907600000,"tenParent":"FIS BANK","parent":715},{"id":725,"Parent":715,"TenParent":"FIS BANK","TenFisX":"AB BNKSAL2","NgayThem":1589907600000,"CapDo":null,"listDepartment":null,"capDo":null,"tenFisX":"AB BNKSAL2","ngayThem":1589907600000,"tenParent":"FIS BANK","parent":715},{"id":727,"Parent":715,"TenParent":"FIS BANK","TenFisX":"AB BNK CON","NgayThem":1589907600000,"CapDo":null,"listDepartment":null,"capDo":null,"tenFisX":"AB BNK CON","ngayThem":1589907600000,"tenParent":"FIS BANK","parent":715},{"id":728,"Parent":715,"TenParent":"FIS BANK","TenFisX":"BO BNK HN","NgayThem":1589907600000,"CapDo":null,"listDepartment":null,"capDo":null,"tenFisX":"BO BNK HN","ngayThem":1589907600000,"tenParent":"FIS BANK","parent":715},{"id":729,"Parent":715,"TenParent":"FIS BANK","TenFisX":"PB BNKPAY","NgayThem":1589907600000,"CapDo":null,"listDepartment":null,"capDo":null,"tenFisX":"PB BNKPAY","ngayThem":1589907600000,"tenParent":"FIS BANK","parent":715},{"id":731,"Parent":715,"TenParent":"FIS BANK","TenFisX":"PrBBNKMPU","NgayThem":1589907600000,"CapDo":null,"listDepartment":null,"capDo":null,"tenFisX":"PrBBNKMPU","ngayThem":1589907600000,"tenParent":"FIS BANK","parent":715},{"id":823,"Parent":715,"TenParent":"FIS BANK","TenFisX":"PrBBNKSG31","NgayThem":1598115600000,"CapDo":null,"listDepartment":null,"capDo":null,"tenFisX":"PrBBNKSG31","ngayThem":1598115600000,"tenParent":"FIS BANK","parent":715},{"id":10911,"Parent":715,"TenParent":"FIS BANK","TenFisX":"AB BNKSAL3","NgayThem":1601830800000,"CapDo":null,"listDepartment":null,"capDo":null,"tenFisX":"AB BNKSAL3","ngayThem":1601830800000,"tenParent":"FIS BANK","parent":715},{"id":10986,"Parent":715,"TenParent":"FIS BANK","TenFisX":"PB BNK PMO","NgayThem":1615136400000,"CapDo":null,"listDepartment":null,"capDo":null,"tenFisX":"PB BNK PMO","ngayThem":1615136400000,"tenParent":"FIS BANK","parent":715},{"id":10987,"Parent":715,"TenParent":"FIS BANK","TenFisX":"Back Office + BOM","NgayThem":1615136400000,"CapDo":null,"listDepartment":null,"capDo":null,"tenFisX":"Back Office + BOM","ngayThem":1615136400000,"tenParent":"FIS BANK","parent":715},{"id":10991,"Parent":715,"TenParent":"FIS BANK","TenFisX":"AB BNK HCM","NgayThem":1615222800000,"CapDo":null,"listDepartment":null,"capDo":null,"tenFisX":"AB BNK HCM","ngayThem":1615222800000,"tenParent":"FIS BANK","parent":715},{"id":10992,"Parent":715,"TenParent":"FIS BANK","TenFisX":"AB BNKSAL3","NgayThem":1615222800000,"CapDo":null,"listDepartment":null,"capDo":null,"tenFisX":"AB BNKSAL3","ngayThem":1615222800000,"tenParent":"FIS BANK","parent":715},{"id":11016,"Parent":715,"TenParent":"FIS BANK","TenFisX":"BANK TECSOL BS3","NgayThem":1615827600000,"CapDo":null,"listDepartment":null,"capDo":null,"tenFisX":"BANK TECSOL BS3","ngayThem":1615827600000,"tenParent":"FIS BANK","parent":715},{"id":11017,"Parent":715,"TenParent":"FIS BANK","TenFisX":"BANK SOF HCM","NgayThem":1615827600000,"CapDo":null,"listDepartment":null,"capDo":null,"tenFisX":"BANK SOF HCM","ngayThem":1615827600000,"tenParent":"FIS BANK","parent":715}],"capDo":null,"tenFisX":"FIS BANK","ngayThem":1589907600000,"tenParent":null,"parent":null},{"id":713,"Parent":null,"TenParent":null,"TenFisX":"FIS CA","NgayThem":1589907600000,"CapDo":null,"listDepartment":[{"id":714,"Parent":713,"TenParent":"FIS CA","TenFisX":"AB CA HN","NgayThem":1589907600000,"CapDo":null,"listDepartment":null,"capDo":null,"tenFisX":"AB CA HN","ngayThem":1589907600000,"tenParent":"FIS CA","parent":713}],"capDo":null,"tenFisX":"FIS CA","ngayThem":1589907600000,"tenParent":null,"parent":null},{"id":770,"Parent":null,"TenParent":null,"TenFisX":"FIS ENT","NgayThem":1589907600000,"CapDo":null,"listDepartment":[{"id":771,"Parent":770,"TenParent":"FIS ENT","TenFisX":"AB ENT ESC","NgayThem":1589907600000,"CapDo":null,"listDepartment":null,"capDo":null,"tenFisX":"AB ENT ESC","ngayThem":1589907600000,"tenParent":"FIS ENT","parent":770},{"id":772,"Parent":770,"TenParent":"FIS ENT","TenFisX":"BOM ENT","NgayThem":1589907600000,"CapDo":null,"listDepartment":null,"capDo":null,"tenFisX":"BOM ENT","ngayThem":1589907600000,"tenParent":"FIS ENT","parent":770},{"id":773,"Parent":770,"TenParent":"FIS ENT","TenFisX":"BO ENT","NgayThem":1589907600000,"CapDo":null,"listDepartment":null,"capDo":null,"tenFisX":"BO ENT","ngayThem":1589907600000,"tenParent":"FIS ENT","parent":770},{"id":774,"Parent":770,"TenParent":"FIS ENT","TenFisX":"AB ENT GSC","NgayThem":1589907600000,"CapDo":null,"listDepartment":null,"capDo":null,"tenFisX":"AB ENT GSC","ngayThem":1589907600000,"tenParent":"FIS ENT","parent":770},{"id":775,"Parent":770,"TenParent":"FIS ENT","TenFisX":"AB ENT DSC","NgayThem":1589907600000,"CapDo":null,"listDepartment":null,"capDo":null,"tenFisX":"AB ENT DSC","ngayThem":1589907600000,"tenParent":"FIS ENT","parent":770},{"id":776,"Parent":770,"TenParent":"FIS ENT","TenFisX":"PB ENT TSC","NgayThem":1589907600000,"CapDo":null,"listDepartment":null,"capDo":null,"tenFisX":"PB ENT TSC","ngayThem":1589907600000,"tenParent":"FIS ENT","parent":770},{"id":777,"Parent":770,"TenParent":"FIS ENT","TenFisX":"PrB ENTSSC","NgayThem":1589907600000,"CapDo":null,"listDepartment":null,"capDo":null,"tenFisX":"PrB ENTSSC","ngayThem":1589907600000,"tenParent":"FIS ENT","parent":770},{"id":10927,"Parent":770,"TenParent":"FIS ENT","TenFisX":"Back Office + BOM","NgayThem":1601830800000,"CapDo":null,"listDepartment":null,"capDo":null,"tenFisX":"Back Office + BOM","ngayThem":1601830800000,"tenParent":"FIS ENT","parent":770}],"capDo":null,"tenFisX":"FIS ENT","ngayThem":1589907600000,"tenParent":null,"parent":null},{"id":744,"Parent":null,"TenParent":null,"TenFisX":"FIS ERP","NgayThem":1589907600000,"CapDo":null,"listDepartment":[{"id":745,"Parent":744,"TenParent":"FIS ERP","TenFisX":"BOM ERP HN","NgayThem":1589907600000,"CapDo":null,"listDepartment":null,"capDo":null,"tenFisX":"BOM ERP HN","ngayThem":1589907600000,"tenParent":"FIS ERP","parent":744},{"id":746,"Parent":744,"TenParent":"FIS ERP","TenFisX":"PB ERP ORC","NgayThem":1589907600000,"CapDo":null,"listDepartment":null,"capDo":null,"tenFisX":"PB ERP ORC","ngayThem":1589907600000,"tenParent":"FIS ERP","parent":744},{"id":747,"Parent":744,"TenParent":"FIS ERP","TenFisX":"TH ERP","NgayThem":1589907600000,"CapDo":null,"listDepartment":null,"capDo":null,"tenFisX":"TH ERP","ngayThem":1589907600000,"tenParent":"FIS ERP","parent":744},{"id":748,"Parent":744,"TenParent":"FIS ERP","TenFisX":"AB ERP PUB","NgayThem":1589907600000,"CapDo":null,"listDepartment":null,"capDo":null,"tenFisX":"AB ERP PUB","ngayThem":1589907600000,"tenParent":"FIS ERP","parent":744},{"id":749,"Parent":744,"TenParent":"FIS ERP","TenFisX":"ABERPPetro","NgayThem":1589907600000,"CapDo":null,"listDepartment":null,"capDo":null,"tenFisX":"ABERPPetro","ngayThem":1589907600000,"tenParent":"FIS ERP","parent":744},{"id":750,"Parent":744,"TenParent":"FIS ERP","TenFisX":"PBERP TECH","NgayThem":1589907600000,"CapDo":null,"listDepartment":null,"capDo":null,"tenFisX":"PBERP TECH","ngayThem":1589907600000,"tenParent":"FIS ERP","parent":744},{"id":751,"Parent":744,"TenParent":"FIS ERP","TenFisX":"PB ERP SAP","NgayThem":1589907600000,"CapDo":null,"listDepartment":null,"capDo":null,"tenFisX":"PB ERP SAP","ngayThem":1589907600000,"tenParent":"FIS ERP","parent":744},{"id":752,"Parent":744,"TenParent":"FIS ERP","TenFisX":"PB ERP HCM","NgayThem":1589907600000,"CapDo":null,"listDepartment":null,"capDo":null,"tenFisX":"PB ERP HCM","ngayThem":1589907600000,"tenParent":"FIS ERP","parent":744},{"id":753,"Parent":744,"TenParent":"FIS ERP","TenFisX":"PB ERP MBY","NgayThem":1589907600000,"CapDo":null,"listDepartment":null,"capDo":null,"tenFisX":"PB ERP MBY","ngayThem":1589907600000,"tenParent":"FIS ERP","parent":744},{"id":754,"Parent":744,"TenParent":"FIS ERP","TenFisX":"AB ERP PRI","NgayThem":1589907600000,"CapDo":null,"listDepartment":null,"capDo":null,"tenFisX":"AB ERP PRI","ngayThem":1589907600000,"tenParent":"FIS ERP","parent":744},{"id":755,"Parent":744,"TenParent":"FIS ERP","TenFisX":"ERPHCM","NgayThem":1589907600000,"CapDo":null,"listDepartment":null,"capDo":null,"tenFisX":"ERPHCM","ngayThem":1589907600000,"tenParent":"FIS ERP","parent":744},{"id":812,"Parent":744,"TenParent":"FIS ERP","TenFisX":"Back Office + BOM","NgayThem":1595437200000,"CapDo":null,"listDepartment":null,"capDo":null,"tenFisX":"Back Office + BOM","ngayThem":1595437200000,"tenParent":"FIS ERP","parent":744},{"id":10993,"Parent":744,"TenParent":"FIS ERP","TenFisX":"ERP SAP 01","NgayThem":1615222800000,"CapDo":null,"listDepartment":null,"capDo":null,"tenFisX":"ERP SAP 01","ngayThem":1615222800000,"tenParent":"FIS ERP","parent":744},{"id":10994,"Parent":744,"TenParent":"FIS ERP","TenFisX":"ERP SAP 02","NgayThem":1615222800000,"CapDo":null,"listDepartment":null,"capDo":null,"tenFisX":"ERP SAP 02","ngayThem":1615222800000,"tenParent":"FIS ERP","parent":744},{"id":10995,"Parent":744,"TenParent":"FIS ERP","TenFisX":"ERPHCM ORC","NgayThem":1615222800000,"CapDo":null,"listDepartment":null,"capDo":null,"tenFisX":"ERPHCM ORC","ngayThem":1615222800000,"tenParent":"FIS ERP","parent":744},{"id":10996,"Parent":744,"TenParent":"FIS ERP","TenFisX":"ERPHCM SAP","NgayThem":1615222800000,"CapDo":null,"listDepartment":null,"capDo":null,"tenFisX":"ERPHCM SAP","ngayThem":1615222800000,"tenParent":"FIS ERP","parent":744},{"id":10997,"Parent":744,"TenParent":"FIS ERP","TenFisX":"ERPMBYIMPL","NgayThem":1615222800000,"CapDo":null,"listDepartment":null,"capDo":null,"tenFisX":"ERPMBYIMPL","ngayThem":1615222800000,"tenParent":"FIS ERP","parent":744},{"id":10998,"Parent":744,"TenParent":"FIS ERP","TenFisX":"ERPMBYSALE","NgayThem":1615222800000,"CapDo":null,"listDepartment":null,"capDo":null,"tenFisX":"ERPMBYSALE","ngayThem":1615222800000,"tenParent":"FIS ERP","parent":744},{"id":10999,"Parent":744,"TenParent":"FIS ERP","TenFisX":"ERPORCBANK","NgayThem":1615222800000,"CapDo":null,"listDepartment":null,"capDo":null,"tenFisX":"ERPORCBANK","ngayThem":1615222800000,"tenParent":"FIS ERP","parent":744},{"id":11000,"Parent":744,"TenParent":"FIS ERP","TenFisX":"ERPORCPUB","NgayThem":1615222800000,"CapDo":null,"listDepartment":null,"capDo":null,"tenFisX":"ERPORCPUB","ngayThem":1615222800000,"tenParent":"FIS ERP","parent":744},{"id":11001,"Parent":744,"TenParent":"FIS ERP","TenFisX":"ERPPETROIM","NgayThem":1615222800000,"CapDo":null,"listDepartment":null,"capDo":null,"tenFisX":"ERPPETROIM","ngayThem":1615222800000,"tenParent":"FIS ERP","parent":744},{"id":11002,"Parent":744,"TenParent":"FIS ERP","TenFisX":"ERPPETROSL","NgayThem":1615222800000,"CapDo":null,"listDepartment":null,"capDo":null,"tenFisX":"ERPPETROSL","ngayThem":1615222800000,"tenParent":"FIS ERP","parent":744},{"id":11003,"Parent":744,"TenParent":"FIS ERP","TenFisX":"ERPSAPGLB","NgayThem":1615222800000,"CapDo":null,"listDepartment":null,"capDo":null,"tenFisX":"ERPSAPGLB","ngayThem":1615222800000,"tenParent":"FIS ERP","parent":744},{"id":11004,"Parent":744,"TenParent":"FIS ERP","TenFisX":"ERPTECHORC","NgayThem":1615222800000,"CapDo":null,"listDepartment":null,"capDo":null,"tenFisX":"ERPTECHORC","ngayThem":1615222800000,"tenParent":"FIS ERP","parent":744},{"id":11005,"Parent":744,"TenParent":"FIS ERP","TenFisX":"ERPTECHSMB","NgayThem":1615222800000,"CapDo":null,"listDepartment":null,"capDo":null,"tenFisX":"ERPTECHSMB","ngayThem":1615222800000,"tenParent":"FIS ERP","parent":744},{"id":11006,"Parent":744,"TenParent":"FIS ERP","TenFisX":"ERPTECHTEC","NgayThem":1615222800000,"CapDo":null,"listDepartment":null,"capDo":null,"tenFisX":"ERPTECHTEC","ngayThem":1615222800000,"tenParent":"FIS ERP","parent":744},{"id":11007,"Parent":744,"TenParent":"FIS ERP","TenFisX":"ERPTECHSUP","NgayThem":1615222800000,"CapDo":null,"listDepartment":null,"capDo":null,"tenFisX":"ERPTECHSUP","ngayThem":1615222800000,"tenParent":"FIS ERP","parent":744},{"id":11008,"Parent":744,"TenParent":"FIS ERP","TenFisX":"ERPTECHSAP","NgayThem":1615222800000,"CapDo":null,"listDepartment":null,"capDo":null,"tenFisX":"ERPTECHSAP","ngayThem":1615222800000,"tenParent":"FIS ERP","parent":744},{"id":11014,"Parent":744,"TenParent":"FIS ERP","TenFisX":"ERP PUBLIC","NgayThem":1615827600000,"CapDo":null,"listDepartment":null,"capDo":null,"tenFisX":"ERP PUBLIC","ngayThem":1615827600000,"tenParent":"FIS ERP","parent":744},{"id":11015,"Parent":744,"TenParent":"FIS ERP","TenFisX":"ERP GIS&EMS","NgayThem":1615827600000,"CapDo":null,"listDepartment":null,"capDo":null,"tenFisX":"ERP GIS&EMS","ngayThem":1615827600000,"tenParent":"FIS ERP","parent":744},{"id":11018,"Parent":744,"TenParent":"FIS ERP","TenFisX":"ABERP Ener","NgayThem":1615827600000,"CapDo":null,"listDepartment":null,"capDo":null,"tenFisX":"ABERP Ener","ngayThem":1615827600000,"tenParent":"FIS ERP","parent":744}],"capDo":null,"tenFisX":"FIS ERP","ngayThem":1589907600000,"tenParent":null,"parent":null},{"id":756,"Parent":null,"TenParent":null,"TenFisX":"FIS ERPHCM","NgayThem":1589907600000,"CapDo":null,"listDepartment":[{"id":801,"Parent":756,"TenParent":"FIS ERPHCM","TenFisX":"ERPHCM","NgayThem":1593622800000,"CapDo":null,"listDepartment":null,"capDo":null,"tenFisX":"ERPHCM","ngayThem":1593622800000,"tenParent":"FIS ERPHCM","parent":756},{"id":10913,"Parent":756,"TenParent":"FIS ERPHCM","TenFisX":"ERPHCM","NgayThem":1601830800000,"CapDo":null,"listDepartment":null,"capDo":null,"tenFisX":"ERPHCM","ngayThem":1601830800000,"tenParent":"FIS ERPHCM","parent":756},{"id":10943,"Parent":756,"TenParent":"FIS ERPHCM","TenFisX":"ERPHCM","NgayThem":1601830800000,"CapDo":null,"listDepartment":null,"capDo":null,"tenFisX":"ERPHCM","ngayThem":1601830800000,"tenParent":"FIS ERPHCM","parent":756},{"id":10970,"Parent":756,"TenParent":"FIS ERPHCM","TenFisX":"AB ERP HCM","NgayThem":1606323600000,"CapDo":null,"listDepartment":null,"capDo":null,"tenFisX":"AB ERP HCM","ngayThem":1606323600000,"tenParent":"FIS ERPHCM","parent":756},{"id":10971,"Parent":756,"TenParent":"FIS ERPHCM","TenFisX":"BOM ERPHCM","NgayThem":1606323600000,"CapDo":null,"listDepartment":null,"capDo":null,"tenFisX":"BOM ERPHCM","ngayThem":1606323600000,"tenParent":"FIS ERPHCM","parent":756},{"id":10972,"Parent":756,"TenParent":"FIS ERPHCM","TenFisX":"BO ERP HCM","NgayThem":1606323600000,"CapDo":null,"listDepartment":null,"capDo":null,"tenFisX":"BO ERP HCM","ngayThem":1606323600000,"tenParent":"FIS ERPHCM","parent":756}],"capDo":null,"tenFisX":"FIS ERPHCM","ngayThem":1589907600000,"tenParent":null,"parent":null},{"id":778,"Parent":null,"TenParent":null,"TenFisX":"FIS FPS","NgayThem":1589907600000,"CapDo":null,"listDepartment":[{"id":779,"Parent":778,"TenParent":"FIS FPS","TenFisX":"FPSPRESALE","NgayThem":1589907600000,"CapDo":null,"listDepartment":null,"capDo":null,"tenFisX":"FPSPRESALE","ngayThem":1589907600000,"tenParent":"FIS FPS","parent":778},{"id":780,"Parent":778,"TenParent":"FIS FPS","TenFisX":"BOM FPS HN","NgayThem":1589907600000,"CapDo":null,"listDepartment":null,"capDo":null,"tenFisX":"BOM FPS HN","ngayThem":1589907600000,"tenParent":"FIS FPS","parent":778},{"id":781,"Parent":778,"TenParent":"FIS FPS","TenFisX":"AB FPSTHUE","NgayThem":1589907600000,"CapDo":null,"listDepartment":null,"capDo":null,"tenFisX":"AB FPSTHUE","ngayThem":1589907600000,"tenParent":"FIS FPS","parent":778},{"id":782,"Parent":778,"TenParent":"FIS FPS","TenFisX":"AB FPS BBN","NgayThem":1589907600000,"CapDo":null,"listDepartment":null,"capDo":null,"tenFisX":"AB FPS BBN","ngayThem":1589907600000,"tenParent":"FIS FPS","parent":778},{"id":783,"Parent":778,"TenParent":"FIS FPS","TenFisX":"PBFPSESERV","NgayThem":1589907600000,"CapDo":null,"listDepartment":null,"capDo":null,"tenFisX":"PBFPSESERV","ngayThem":1589907600000,"tenParent":"FIS FPS","parent":778},{"id":784,"Parent":778,"TenParent":"FIS FPS","TenFisX":"FPS CNDA","NgayThem":1589907600000,"CapDo":null,"listDepartment":null,"capDo":null,"tenFisX":"FPS CNDA","ngayThem":1589907600000,"tenParent":"FIS FPS","parent":778},{"id":785,"Parent":778,"TenParent":"FIS FPS","TenFisX":"BO FPS HN","NgayThem":1589907600000,"CapDo":null,"listDepartment":null,"capDo":null,"tenFisX":"BO FPS HN","ngayThem":1589907600000,"tenParent":"FIS FPS","parent":778},{"id":786,"Parent":778,"TenParent":"FIS FPS","TenFisX":"ABFPSBTCKB","NgayThem":1589907600000,"CapDo":null,"listDepartment":null,"capDo":null,"tenFisX":"ABFPSBTCKB","ngayThem":1589907600000,"tenParent":"FIS FPS","parent":778},{"id":787,"Parent":778,"TenParent":"FIS FPS","TenFisX":"ABFPSHQUAN","NgayThem":1589907600000,"CapDo":null,"listDepartment":null,"capDo":null,"tenFisX":"ABFPSHQUAN","ngayThem":1589907600000,"tenParent":"FIS FPS","parent":778},{"id":788,"Parent":778,"TenParent":"FIS FPS","TenFisX":"PrBFPSMPIT","NgayThem":1589907600000,"CapDo":null,"listDepartment":null,"capDo":null,"tenFisX":"PrBFPSMPIT","ngayThem":1589907600000,"tenParent":"FIS FPS","parent":778},{"id":789,"Parent":778,"TenParent":"FIS FPS","TenFisX":"PB FPS APS","NgayThem":1589907600000,"CapDo":null,"listDepartment":null,"capDo":null,"tenFisX":"PB FPS APS","ngayThem":1589907600000,"tenParent":"FIS FPS","parent":778},{"id":799,"Parent":778,"TenParent":"FIS FPS","TenFisX":"Back Office + BOM","NgayThem":1593018000000,"CapDo":null,"listDepartment":null,"capDo":null,"tenFisX":"Back Office + BOM","ngayThem":1593018000000,"tenParent":"FIS FPS","parent":778},{"id":11012,"Parent":778,"TenParent":"FIS FPS","TenFisX":"AB FPSTHUE","NgayThem":1615827600000,"CapDo":null,"listDepartment":null,"capDo":null,"tenFisX":"AB FPSTHUE","ngayThem":1615827600000,"tenParent":"FIS FPS","parent":778},{"id":11013,"Parent":778,"TenParent":"FIS FPS","TenFisX":"AB FPSTHUE","NgayThem":1615827600000,"CapDo":null,"listDepartment":null,"capDo":null,"tenFisX":"AB FPSTHUE","ngayThem":1615827600000,"tenParent":"FIS FPS","parent":778}],"capDo":null,"tenFisX":"FIS FPS","ngayThem":1589907600000,"tenParent":null,"parent":null},{"id":732,"Parent":null,"TenParent":null,"TenFisX":"FIS FSB","NgayThem":1589907600000,"CapDo":null,"listDepartment":[{"id":733,"Parent":732,"TenParent":"FIS FSB","TenFisX":"BOM FSB","NgayThem":1589907600000,"CapDo":null,"listDepartment":null,"capDo":null,"tenFisX":"BOM FSB","ngayThem":1589907600000,"tenParent":"FIS FSB","parent":732},{"id":734,"Parent":732,"TenParent":"FIS FSB","TenFisX":"FSB SC","NgayThem":1589907600000,"CapDo":null,"listDepartment":null,"capDo":null,"tenFisX":"FSB SC","ngayThem":1589907600000,"tenParent":"FIS FSB","parent":732},{"id":735,"Parent":732,"TenParent":"FIS FSB","TenFisX":"AB FSB GB","NgayThem":1589907600000,"CapDo":null,"listDepartment":null,"capDo":null,"tenFisX":"AB FSB GB","ngayThem":1589907600000,"tenParent":"FIS FSB","parent":732},{"id":736,"Parent":732,"TenParent":"FIS FSB","TenFisX":"PB FSB HN","NgayThem":1589907600000,"CapDo":null,"listDepartment":null,"capDo":null,"tenFisX":"PB FSB HN","ngayThem":1589907600000,"tenParent":"FIS FSB","parent":732},{"id":737,"Parent":732,"TenParent":"FIS FSB","TenFisX":"AB FSB UL","NgayThem":1589907600000,"CapDo":null,"listDepartment":null,"capDo":null,"tenFisX":"AB FSB UL","ngayThem":1589907600000,"tenParent":"FIS FSB","parent":732},{"id":738,"Parent":732,"TenParent":"FIS FSB","TenFisX":"BO FSB","NgayThem":1589907600000,"CapDo":null,"listDepartment":null,"capDo":null,"tenFisX":"BO FSB","ngayThem":1589907600000,"tenParent":"FIS FSB","parent":732},{"id":739,"Parent":732,"TenParent":"FIS FSB","TenFisX":"AB FSB TEL","NgayThem":1589907600000,"CapDo":null,"listDepartment":null,"capDo":null,"tenFisX":"AB FSB TEL","ngayThem":1589907600000,"tenParent":"FIS FSB","parent":732},{"id":740,"Parent":732,"TenParent":"FIS FSB","TenFisX":"PrB FSB QN","NgayThem":1589907600000,"CapDo":null,"listDepartment":null,"capDo":null,"tenFisX":"PrB FSB QN","ngayThem":1589907600000,"tenParent":"FIS FSB","parent":732},{"id":796,"Parent":732,"TenParent":"FIS FSB","TenFisX":"Back Office + BOM","NgayThem":1592931600000,"CapDo":null,"listDepartment":null,"capDo":null,"tenFisX":"Back Office + BOM","ngayThem":1592931600000,"tenParent":"FIS FSB","parent":732}],"capDo":null,"tenFisX":"FIS FSB","ngayThem":1589907600000,"tenParent":null,"parent":null},{"id":741,"Parent":null,"TenParent":null,"TenFisX":"FIS FTS","NgayThem":1589907600000,"CapDo":null,"listDepartment":[{"id":742,"Parent":741,"TenParent":"FIS FTS","TenFisX":"PB DSVN","NgayThem":1589907600000,"CapDo":null,"listDepartment":null,"capDo":null,"tenFisX":"PB DSVN","ngayThem":1589907600000,"tenParent":"FIS FTS","parent":741},{"id":743,"Parent":741,"TenParent":"FIS FTS","TenFisX":"FTS HCM","NgayThem":1589907600000,"CapDo":null,"listDepartment":null,"capDo":null,"tenFisX":"FTS HCM","ngayThem":1589907600000,"tenParent":"FIS FTS","parent":741}],"capDo":null,"tenFisX":"FIS FTS","ngayThem":1589907600000,"tenParent":null,"parent":null},{"id":763,"Parent":null,"TenParent":null,"TenFisX":"FIS GMC","NgayThem":1589907600000,"CapDo":null,"listDepartment":[{"id":764,"Parent":763,"TenParent":"FIS GMC","TenFisX":"GMC PMO","NgayThem":1589907600000,"CapDo":null,"listDepartment":null,"capDo":null,"tenFisX":"GMC PMO","ngayThem":1589907600000,"tenParent":"FIS GMC","parent":763},{"id":765,"Parent":763,"TenParent":"FIS GMC","TenFisX":"PB GMCeHEA","NgayThem":1589907600000,"CapDo":null,"listDepartment":null,"capDo":null,"tenFisX":"PB GMCeHEA","ngayThem":1589907600000,"tenParent":"FIS GMC","parent":763},{"id":766,"Parent":763,"TenParent":"FIS GMC","TenFisX":"BOM GMCHCM","NgayThem":1589907600000,"CapDo":null,"listDepartment":null,"capDo":null,"tenFisX":"BOM GMCHCM","ngayThem":1589907600000,"tenParent":"FIS GMC","parent":763},{"id":767,"Parent":763,"TenParent":"FIS GMC","TenFisX":"PB GMCeGOV","NgayThem":1589907600000,"CapDo":null,"listDepartment":null,"capDo":null,"tenFisX":"PB GMCeGOV","ngayThem":1589907600000,"tenParent":"FIS GMC","parent":763},{"id":768,"Parent":763,"TenParent":"FIS GMC","TenFisX":"PB GMC SSC","NgayThem":1589907600000,"CapDo":null,"listDepartment":null,"capDo":null,"tenFisX":"PB GMC SSC","ngayThem":1589907600000,"tenParent":"FIS GMC","parent":763},{"id":769,"Parent":763,"TenParent":"FIS GMC","TenFisX":"BO GMC","NgayThem":1589907600000,"CapDo":null,"listDepartment":null,"capDo":null,"tenFisX":"BO GMC","ngayThem":1589907600000,"tenParent":"FIS GMC","parent":763},{"id":795,"Parent":763,"TenParent":"FIS GMC","TenFisX":"Back Office + BOM","NgayThem":1592931600000,"CapDo":null,"listDepartment":null,"capDo":null,"tenFisX":"Back Office + BOM","ngayThem":1592931600000,"tenParent":"FIS GMC","parent":763},{"id":11009,"Parent":763,"TenParent":"FIS GMC","TenFisX":"Qu\u1EF9 l\u01B0\u01A1ng CR","NgayThem":1615482000000,"CapDo":null,"listDepartment":null,"capDo":null,"tenFisX":"Qu\u1EF9 l\u01B0\u01A1ng CR","ngayThem":1615482000000,"tenParent":"FIS GMC","parent":763}],"capDo":null,"tenFisX":"FIS GMC","ngayThem":1589907600000,"tenParent":null,"parent":null},{"id":760,"Parent":null,"TenParent":null,"TenFisX":"FIS OBC","NgayThem":1589907600000,"CapDo":null,"listDepartment":[{"id":761,"Parent":760,"TenParent":"FIS OBC","TenFisX":"FIS OBC HN","NgayThem":1589907600000,"CapDo":null,"listDepartment":null,"capDo":null,"tenFisX":"FIS OBC HN","ngayThem":1589907600000,"tenParent":"FIS OBC","parent":760},{"id":762,"Parent":760,"TenParent":"FIS OBC","TenFisX":"FIS OBCHCM","NgayThem":1589907600000,"CapDo":null,"listDepartment":null,"capDo":null,"tenFisX":"FIS OBCHCM","ngayThem":1589907600000,"tenParent":"FIS OBC","parent":760}],"capDo":null,"tenFisX":"FIS OBC","ngayThem":1589907600000,"tenParent":null,"parent":null},{"id":699,"Parent":null,"TenParent":null,"TenFisX":"FIS SRV","NgayThem":1589907600000,"CapDo":null,"listDepartment":[{"id":700,"Parent":699,"TenParent":"FIS SRV","TenFisX":"PB SRVBSS1","NgayThem":1589907600000,"CapDo":null,"listDepartment":null,"capDo":null,"tenFisX":"PB SRVBSS1","ngayThem":1589907600000,"tenParent":"FIS SRV","parent":699},{"id":701,"Parent":699,"TenParent":"FIS SRV","TenFisX":"PB SRVSSI1","NgayThem":1589907600000,"CapDo":null,"listDepartment":null,"capDo":null,"tenFisX":"PB SRVSSI1","ngayThem":1589907600000,"tenParent":"FIS SRV","parent":699},{"id":702,"Parent":699,"TenParent":"FIS SRV","TenFisX":"BOM SRV HN","NgayThem":1589907600000,"CapDo":null,"listDepartment":null,"capDo":null,"tenFisX":"BOM SRV HN","ngayThem":1589907600000,"tenParent":"FIS SRV","parent":699},{"id":703,"Parent":699,"TenParent":"FIS SRV","TenFisX":"AB SRV ESC","NgayThem":1589907600000,"CapDo":null,"listDepartment":null,"capDo":null,"tenFisX":"AB SRV ESC","ngayThem":1589907600000,"tenParent":"FIS SRV","parent":699},{"id":704,"Parent":699,"TenParent":"FIS SRV","TenFisX":"PB SRV MSC","NgayThem":1589907600000,"CapDo":null,"listDepartment":null,"capDo":null,"tenFisX":"PB SRV MSC","ngayThem":1589907600000,"tenParent":"FIS SRV","parent":699},{"id":705,"Parent":699,"TenParent":"FIS SRV","TenFisX":"AB SRV MNB","NgayThem":1589907600000,"CapDo":null,"listDepartment":null,"capDo":null,"tenFisX":"AB SRV MNB","ngayThem":1589907600000,"tenParent":"FIS SRV","parent":699},{"id":706,"Parent":699,"TenParent":"FIS SRV","TenFisX":"BOM SRVHCM","NgayThem":1589907600000,"CapDo":null,"listDepartment":null,"capDo":null,"tenFisX":"BOM SRVHCM","ngayThem":1589907600000,"tenParent":"FIS SRV","parent":699},{"id":707,"Parent":699,"TenParent":"FIS SRV","TenFisX":"PB SRVBSS2","NgayThem":1589907600000,"CapDo":null,"listDepartment":null,"capDo":null,"tenFisX":"PB SRVBSS2","ngayThem":1589907600000,"tenParent":"FIS SRV","parent":699},{"id":708,"Parent":699,"TenParent":"FIS SRV","TenFisX":"BO SRV HCM","NgayThem":1589907600000,"CapDo":null,"listDepartment":null,"capDo":null,"tenFisX":"BO SRV HCM","ngayThem":1589907600000,"tenParent":"FIS SRV","parent":699},{"id":709,"Parent":699,"TenParent":"FIS SRV","TenFisX":"PB SRVSSI2","NgayThem":1589907600000,"CapDo":null,"listDepartment":null,"capDo":null,"tenFisX":"PB SRVSSI2","ngayThem":1589907600000,"tenParent":"FIS SRV","parent":699},{"id":710,"Parent":699,"TenParent":"FIS SRV","TenFisX":"AB SRV CFB","NgayThem":1589907600000,"CapDo":null,"listDepartment":null,"capDo":null,"tenFisX":"AB SRV CFB","ngayThem":1589907600000,"tenParent":"FIS SRV","parent":699},{"id":711,"Parent":699,"TenParent":"FIS SRV","TenFisX":"BO SRV HN","NgayThem":1589907600000,"CapDo":null,"listDepartment":null,"capDo":null,"tenFisX":"BO SRV HN","ngayThem":1589907600000,"tenParent":"FIS SRV","parent":699},{"id":712,"Parent":699,"TenParent":"FIS SRV","TenFisX":"AB SRV CBS","NgayThem":1589907600000,"CapDo":null,"listDepartment":null,"capDo":null,"tenFisX":"AB SRV CBS","ngayThem":1589907600000,"tenParent":"FIS SRV","parent":699},{"id":800,"Parent":699,"TenParent":"FIS SRV","TenFisX":"Back Office + BOM","NgayThem":1593622800000,"CapDo":null,"listDepartment":null,"capDo":null,"tenFisX":"Back Office + BOM","ngayThem":1593622800000,"tenParent":"FIS SRV","parent":699}],"capDo":null,"tenFisX":"FIS SRV","ngayThem":1589907600000,"tenParent":null,"parent":null}]}