{"error_code":"SUCCESSFUL","error_message":"", "data":[{"BoPhan":"PB GMCeGOV","DonVi":"FIS GMC","MilestoneKhoan":"ML Quý 1.2021","TenDuAn":"EGOV_BaoTri","KKhoan":0,"MaDuAn":"EGOV_BaoTri"},{"BoPhan":"PB GMC SSC","DonVi":"FIS GMC","MilestoneKhoan":"Xây dựng, cài đặt, triển khai Web 2.1, Web 2.2, Mobile M2.2","TenDuAn":"HLV_CUSPORTAL_2020_PM","KKhoan":0,"MaDuAn":"HLV_CUSPORTAL_2020_PM"},{"BoPhan":"PB GMC SSC","DonVi":"FIS GMC","MilestoneKhoan":"GĐ 1 - Đợt 3 - Cài đặt","TenDuAn":"NAMA_CR_IHRP_PM","KKhoan":0,"MaDuAn":"NAMA_CR_IHRP_PM"},{"BoPhan":"PB GMCeHEA","DonVi":"FIS GMC","MilestoneKhoan":"Version 1","TenDuAn":"BVCUADONG_EHOS_2020_PM","KKhoan":0,"MaDuAn":"BVCUADONG_EHOS_2020_PM"},{"BoPhan":"PB GMCeHEA","DonVi":"FIS GMC","MilestoneKhoan":"Công việc sau nghiệm thu","TenDuAn":"BV175_EHOS_NC_BH","KKhoan":0,"MaDuAn":"BV175_EHOS_NC_BH"},{"BoPhan":"PB GMCeHEA","DonVi":"FIS GMC","MilestoneKhoan":"Vận hành khu nhà D","TenDuAn":"DKDUCGIANG_EHOS_2020_PM","KKhoan":0,"MaDuAn":"DKDUCGIANG_EHOS_2020_PM"},{"BoPhan":"PB GMCeHEA","DonVi":"FIS GMC","MilestoneKhoan":"Đợt 1: Triển khai và Nghiệm thu kết nối thẻ","TenDuAn":"BVTAYNGUYEN_EHOS_BIDV_PM","KKhoan":0,"MaDuAn":"BVTAYNGUYEN_EHOS_BIDV_PM"},{"BoPhan":"PB GMC SSC","DonVi":"FIS GMC","MilestoneKhoan":"ML Quý 1.2021","TenDuAn":"CVN_IHRP_PM","KKhoan":0,"MaDuAn":"CVN_IHRP_PM"},{"BoPhan":"PB GMC SSC","DonVi":"FIS GMC","MilestoneKhoan":"ML Quý 1.2021","TenDuAn":"ESS_Support","KKhoan":0,"MaDuAn":"ESS_Support"},{"BoPhan":"PB GMC SSC","DonVi":"FIS GMC","MilestoneKhoan":"Đợt 3 - Cài đặt","TenDuAn":"HSC_IHRP_KPI_2020_PM","KKhoan":0,"MaDuAn":"HSC_IHRP_KPI_2020_PM"},{"BoPhan":"PB GMCeHEA","DonVi":"FIS GMC","MilestoneKhoan":"Hỗ Trợ Bệnh Viện","TenDuAn":"EHOS_TAMDUC_SUPPORT","KKhoan":0,"MaDuAn":"EHOS_TAMDUC_SUPPORT"},{"BoPhan":"PB GMCeHEA","DonVi":"FIS GMC","MilestoneKhoan":"Hỗ trợ vận hành và bảo hành","TenDuAn":"BVC_EHOS_2020_PM_BH","KKhoan":0,"MaDuAn":"BVC_EHOS_2020_PM_BH"},{"BoPhan":"PB GMCeGOV","DonVi":"FIS GMC","MilestoneKhoan":"Hỗ trợ Presale 2021","TenDuAn":"EGOV_PRESALE_SUPPORT","KKhoan":0,"MaDuAn":"EGOV_PRESALE_SUPPORT"},{"BoPhan":"PB GMCeHEA","DonVi":"FIS GMC","MilestoneKhoan":"Mốc 6: Nghiệm thu tổng thể","TenDuAn":"EHOS_SYTDANANGGD3_SANNHI_PM","KKhoan":0,"MaDuAn":"EHOS_SYTDANANGGD3_SANNHI_PM"},{"BoPhan":"PB GMCeGOV","DonVi":"FIS GMC","MilestoneKhoan":"GD4 - Themis 2.0","TenDuAn":"FORTUNA_TOOLKHOAN","KKhoan":0,"MaDuAn":"FORTUNA_TOOLKHOAN"},{"BoPhan":"PB GMCeHEA","DonVi":"FIS GMC","MilestoneKhoan":"Giai đoạn 3: Nghiệm thu thanh lý hợp đồng, bảo lãnh, bảo hành","TenDuAn":"EHOS_DKKVCUCHI","KKhoan":0,"MaDuAn":"EHOS_DKKVCUCHI"},{"BoPhan":"PB GMC SSC","DonVi":"FIS GMC","MilestoneKhoan":"Đợt 6: Nghiệm thu giai đoạn 1B","TenDuAn":"PNJ_IHRP_PM","KKhoan":0,"MaDuAn":"PNJ_IHRP_PM"},{"BoPhan":"PB GMCeGOV","DonVi":"FIS GMC","MilestoneKhoan":"Khởi động, phân tích, thiết kế, lập trình, UAT, triển khai","TenDuAn":"HCM_BINHTAN_CHATBOT_PM","KKhoan":0,"MaDuAn":"HCM_BINHTAN_CHATBOT_PM"},{"BoPhan":"PB GMCeGOV","DonVi":"FIS GMC","MilestoneKhoan":"Presale support 2021","TenDuAn":"EGOV_PRESALE_SUPPORT","KKhoan":0,"MaDuAn":"EGOV_PRESALE_SUPPORT"},{"BoPhan":"PB GMCeGOV","DonVi":"FIS GMC","MilestoneKhoan":"Hỗ trợ vận hành, nghiệm thu tổng","TenDuAn":"HCM_SDL_2019","KKhoan":0,"MaDuAn":"HCM_SDL_2019"},{"BoPhan":"PB GMC SSC","DonVi":"FIS GMC","MilestoneKhoan":"Giai Đoạn 2 - Đợt 2: Khởi động, Khảo sát & Lập URD GĐ2","TenDuAn":"APOLLO_IHRP_PM","KKhoan":0,"MaDuAn":"APOLLO_IHRP_PM"},{"BoPhan":"PB GMC SSC","DonVi":"FIS GMC","MilestoneKhoan":"GĐ4 - Nghiệm thu","TenDuAn":"VGU_IHRP_PM","KKhoan":0,"MaDuAn":"VGU_IHRP_PM"},{"BoPhan":"PB GMCeHEA","DonVi":"FIS GMC","MilestoneKhoan":"Vận hành chính thức và nghiệm thu hệ thống (GĐ6)","TenDuAn":"EHOS_BVUB2","KKhoan":0,"MaDuAn":"EHOS_BVUB2"},{"BoPhan":"PB GMC SSC","DonVi":"FIS GMC","MilestoneKhoan":"ML 2021","TenDuAn":"SSC HW.SI","KKhoan":0,"MaDuAn":"SSC HW.SI"},{"BoPhan":"PB GMCeGOV","DonVi":"FIS GMC","MilestoneKhoan":"Nghiệm thu Thầu phụ và bàn giao hàng hoá","TenDuAn":"BTTTT_CTTQG_2020_THOP_HW","KKhoan":0,"MaDuAn":"BTTTT_CTTQG_2020_THOP_HW"},{"BoPhan":"PB GMCeHEA","DonVi":"FIS GMC","MilestoneKhoan":"Đợt 4: Nghiệm thu dự án","TenDuAn":"VLINK_UNGBUOUTH_EHOS2_2020_PM","KKhoan":0,"MaDuAn":"VLINK_UNGBUOUTH_EHOS2_2020_PM"},{"BoPhan":"PB GMC SSC","DonVi":"FIS GMC","MilestoneKhoan":"ML Quý 1.2021","TenDuAn":"IHRP_V30","KKhoan":0,"MaDuAn":"IHRP_V30"},{"BoPhan":"PB GMCeHEA","DonVi":"FIS GMC","MilestoneKhoan":"ML Quý 1.2021","TenDuAn":"THUE_EHOS_MB","KKhoan":0,"MaDuAn":"THUE_EHOS_MB"},{"BoPhan":"PB GMCeHEA","DonVi":"FIS GMC","MilestoneKhoan":"Cổng thông tin bệnh nhân và ứng dụng di động","TenDuAn":"HM_EHOS_TH","KKhoan":0,"MaDuAn":"HM_EHOS_TH"},{"BoPhan":"PB GMC SSC","DonVi":"FIS GMC","MilestoneKhoan":"Nghiệm thu","TenDuAn":"HSC_IHRP_PM_NC","KKhoan":0,"MaDuAn":"HSC_IHRP_PM_NC"},{"BoPhan":"PB GMCeGOV","DonVi":"FIS GMC","MilestoneKhoan":"Support Customer","TenDuAn":"BINHDUONG_TTCNTT_GMC19305B0_2019_BH","KKhoan":0,"MaDuAn":"BINHDUONG_TTCNTT_GMC19305B0_2019_BH"},{"BoPhan":"PB GMC SSC","DonVi":"FIS GMC","MilestoneKhoan":"ML 2021","TenDuAn":"GMC_SSC_ACTIVITY","KKhoan":0,"MaDuAn":"GMC_SSC_ACTIVITY"},{"BoPhan":"PB GMCeGOV","DonVi":"FIS GMC","MilestoneKhoan":"PayGov","TenDuAn":"BTTTT_CTTQG_2020_THOP","KKhoan":0,"MaDuAn":"BTTTT_CTTQG_2020_THOP"},{"BoPhan":"PB GMC SSC","DonVi":"FIS GMC","MilestoneKhoan":"GD2: Cấu hình, triển khai và nghiệm thu","TenDuAn":"SSIS_IHRP","KKhoan":0,"MaDuAn":"SSIS_IHRP"},{"BoPhan":"PB GMCeGOV","DonVi":"FIS GMC","MilestoneKhoan":"Cho thuê phần mềm năm 2021","TenDuAn":"HP_MOTCUA","KKhoan":0,"MaDuAn":"HP_MOTCUA"},{"BoPhan":"PB GMCeHEA","DonVi":"FIS GMC","MilestoneKhoan":"Đợt 3: Nghiệm thu dự án","TenDuAn":"BVSNHP_EHOS_2020_PM","KKhoan":0,"MaDuAn":"BVSNHP_EHOS_2020_PM"},{"BoPhan":"PB GMC SSC","DonVi":"FIS GMC","MilestoneKhoan":"Giai Đoạn 2 - Đợt 3: Cấu hình, Cài đặt, Triển khai & Nghiệm Thu","TenDuAn":"FRANCIA_IHRP_PM","KKhoan":0,"MaDuAn":"FRANCIA_IHRP_PM"},{"BoPhan":"PB GMCeHEA","DonVi":"FIS GMC","MilestoneKhoan":"06.Kết thúc dự án","TenDuAn":"EHOS_GIAAN115","KKhoan":0,"MaDuAn":"EHOS_GIAAN115"},{"BoPhan":"PB GMC SSC","DonVi":"FIS GMC","MilestoneKhoan":"GD4: Nghiệm thu golive","TenDuAn":"EXIM_IHRP_PM","KKhoan":0,"MaDuAn":"EXIM_IHRP_PM"},{"BoPhan":"PB GMC SSC","DonVi":"FIS GMC","MilestoneKhoan":"Giai Đoạn 1 - Đợt 3: Cấu hình, Cài đặt, Triển khai","TenDuAn":"GUARDIAN_IHRP_PM","KKhoan":0,"MaDuAn":"GUARDIAN_IHRP_PM"},{"BoPhan":"PB GMCeGOV","DonVi":"FIS GMC","MilestoneKhoan":"Khởi động phân tích thiết kế","TenDuAn":"TRAVINH_KDLDC_PM","KKhoan":0,"MaDuAn":"TRAVINH_KDLDC_PM"},{"BoPhan":"PB GMCeGOV","DonVi":"FIS GMC","MilestoneKhoan":"Nghiệm thu","TenDuAn":"BINHDINH_SMARTCITY_2020_TH","KKhoan":0,"MaDuAn":"BINHDINH_SMARTCITY_2020_TH"},{"BoPhan":"PB GMCeGOV","DonVi":"FIS GMC","MilestoneKhoan":"ML Quý 1.2021","TenDuAn":"EGOV_SUPPORT","KKhoan":0,"MaDuAn":"EGOV_SUPPORT"},{"BoPhan":"PB GMC SSC","DonVi":"FIS GMC","MilestoneKhoan":"2. Triển khai","TenDuAn":"SGT_FPTIHOTEL_2020_PM","KKhoan":0,"MaDuAn":"SGT_FPTIHOTEL_2020_PM"},{"BoPhan":"PB GMC SSC","DonVi":"FIS GMC","MilestoneKhoan":"Giai Đoạn 1 - Đợt 3: Cấu hình, Cài đặt, Triển khai, Nghiệm thu GĐ1","TenDuAn":"APOLLO_IHRP_PM","KKhoan":0,"MaDuAn":"APOLLO_IHRP_PM"},{"BoPhan":"PB GMC SSC","DonVi":"FIS GMC","MilestoneKhoan":"Đợt 2: Triển khai GD1","TenDuAn":"POS_IHRP_PM","KKhoan":0,"MaDuAn":"POS_IHRP_PM"},{"BoPhan":"PB GMCeGOV","DonVi":"FIS GMC","MilestoneKhoan":"Vận hành, nghiệm thu","TenDuAn":"HAUGIANG_LGSP_2020_PM","KKhoan":0,"MaDuAn":"HAUGIANG_LGSP_2020_PM"},{"BoPhan":"PB GMCeGOV","DonVi":"FIS GMC","MilestoneKhoan":"Xây dựng phần mềm","TenDuAn":"CANTHO_STTTT_CSDL_PM","KKhoan":0,"MaDuAn":"CANTHO_STTTT_CSDL_PM"},{"BoPhan":"PB GMC SSC","DonVi":"FIS GMC","MilestoneKhoan":"Đợt 4: Nghiệm thu dự án","TenDuAn":"HDBANK_NC_IHRP_PM","KKhoan":0,"MaDuAn":"HDBANK_NC_IHRP_PM"},{"BoPhan":"PB GMCeGOV","DonVi":"FIS GMC","MilestoneKhoan":"Cài đặt, kiểm thử, nghiệm thu lần 1, vận hành thử nghiệm","TenDuAn":"CANTHO_STTTT_CN_PM","KKhoan":0,"MaDuAn":"CANTHO_STTTT_CN_PM"},{"BoPhan":"PB GMCeGOV","DonVi":"FIS GMC","MilestoneKhoan":"Vận hành chính thức, nghiệm thu tổng, đóng dự án ","TenDuAn":"HCM_SYT_DMKT","KKhoan":0,"MaDuAn":"HCM_SYT_DMKT"},{"BoPhan":"PB GMCeHEA","DonVi":"FIS GMC","MilestoneKhoan":"Xây dựng, UAT, pilot 3 sites (HMG, HMTD, HMCL)","TenDuAn":"HM_EHOS_TH","KKhoan":0,"MaDuAn":"HM_EHOS_TH"},{"BoPhan":"PB GMC SSC","DonVi":"FIS GMC","MilestoneKhoan":"GĐ1 - Khởi động và khảo sát","TenDuAn":"HLV_SFA_2021_PM","KKhoan":0,"MaDuAn":"HLV_SFA_2021_PM"},{"BoPhan":"PB GMC SSC","DonVi":"FIS GMC","MilestoneKhoan":"Hỗ trợ nghiệm thu SI, PR, PIT","TenDuAn":"IHRP_PMH","KKhoan":0,"MaDuAn":"IHRP_PMH"},{"BoPhan":"PB GMC SSC","DonVi":"FIS GMC","MilestoneKhoan":"Support dự án","TenDuAn":"LEO_IHRP_PM","KKhoan":0,"MaDuAn":"LEO_IHRP_PM"},{"BoPhan":"PB GMCeGOV","DonVi":"FIS GMC","MilestoneKhoan":"Nghiệm thu đợt 1","TenDuAn":"HCM_SKHDT_CDN_PM","KKhoan":0,"MaDuAn":"HCM_SKHDT_CDN_PM"},{"BoPhan":"PB GMCeHEA","DonVi":"FIS GMC","MilestoneKhoan":"Customer Support","TenDuAn":"CHORAY_EHOS_BH","KKhoan":0,"MaDuAn":"CHORAY_EHOS_BH"},{"BoPhan":"PB GMC SSC","DonVi":"FIS GMC","MilestoneKhoan":"Phase 2 - đợt 3: Hiệu chỉnh, triển khai","TenDuAn":"DAIKIN_IHRP_2020_PM","KKhoan":0,"MaDuAn":"DAIKIN_IHRP_2020_PM"},{"BoPhan":"PB GMCeGOV","DonVi":"FIS GMC","MilestoneKhoan":"Triển khai, vận hành thử nghiệm, nghiệm thu đợt 1 (80%)","TenDuAn":"SO_LDTBXH_TPHCM_GDNN_PM","KKhoan":0,"MaDuAn":"SO_LDTBXH_TPHCM_GDNN_PM"},{"BoPhan":"PB GMC SSC","DonVi":"FIS GMC","MilestoneKhoan":"Đợt 2: Lập tài liệu URD & cài đặt","TenDuAn":"MIC_IHRP_PM","KKhoan":0,"MaDuAn":"MIC_IHRP_PM"},{"BoPhan":"PB GMC SSC","DonVi":"FIS GMC","MilestoneKhoan":"GĐ 1 - Đợt 4 - Triển khai & nghiệm thu","TenDuAn":"NAMA_CR_IHRP_PM","KKhoan":0,"MaDuAn":"NAMA_CR_IHRP_PM"},{"BoPhan":"PB GMCeHEA","DonVi":"FIS GMC","MilestoneKhoan":"ML Quý 1.2021","TenDuAn":"EHOS_SUPPORT","KKhoan":0,"MaDuAn":"EHOS_SUPPORT"},{"BoPhan":"PB GMCeGOV","DonVi":"FIS GMC","MilestoneKhoan":"ML Quý 1.2021","TenDuAn":"HCM_Q7_GD2_PM","KKhoan":0,"MaDuAn":"HCM_Q7_GD2_PM"},{"BoPhan":"PB GMC SSC","DonVi":"FIS GMC","MilestoneKhoan":"Phase 1 - đợt 4: Hiệu chỉnh, triển khai","TenDuAn":"DAIKIN_IHRP_2020_PM","KKhoan":0,"MaDuAn":"DAIKIN_IHRP_2020_PM"},{"BoPhan":"PB GMC SSC","DonVi":"FIS GMC","MilestoneKhoan":"Nghiệm thu giai đoạn 1 và giai đoạn 2","TenDuAn":"SHBFC_IHRP_PM","KKhoan":0,"MaDuAn":"SHBFC_IHRP_PM"},{"BoPhan":"PB GMCeHEA","DonVi":"FIS GMC","MilestoneKhoan":"Triển khai Vitimes","TenDuAn":"BVDKCC_ND_eHos_TH","KKhoan":0,"MaDuAn":"BVDKCC_ND_eHos_TH"},{"BoPhan":"PB GMCeGOV","DonVi":"FIS GMC","MilestoneKhoan":"Nghiệm thu dự án","TenDuAn":"HN_BOVHTT_MCDT_DV","KKhoan":0,"MaDuAn":"HN_BOVHTT_MCDT_DV"},{"BoPhan":"PB GMCeHEA","DonVi":"FIS GMC","MilestoneKhoan":"Giai đoạn 5","TenDuAn":"EHOS_VSP_CORE2","KKhoan":0,"MaDuAn":"EHOS_VSP_CORE2"},{"BoPhan":"PB GMCeGOV","DonVi":"FIS GMC","MilestoneKhoan":"Bảo hành hệ thống hệ LGSP","TenDuAn":"HCM_LGSP_GD1","KKhoan":0,"MaDuAn":"HCM_LGSP_GD1"},{"BoPhan":"PB GMCeHEA","DonVi":"FIS GMC","MilestoneKhoan":"Vận hành chính thức","TenDuAn":"BIDVTIENGIANG_EHOS_PM","KKhoan":0,"MaDuAn":"BIDVTIENGIANG_EHOS_PM"},{"BoPhan":"PB GMC SSC","DonVi":"FIS GMC","MilestoneKhoan":"Đợt 3: Cấu hình, Cài đặt, Triển khai & Nghiệm thu","TenDuAn":"NITORI_IHRP_2020_PM","KKhoan":0,"MaDuAn":"NITORI_IHRP_2020_PM"},{"BoPhan":"PB GMCeHEA","DonVi":"FIS GMC","MilestoneKhoan":"ML Quý 1.2021","TenDuAn":"EHEA_ACTIVITY","KKhoan":0,"MaDuAn":"EHEA_ACTIVITY"},{"BoPhan":"PB GMC SSC","DonVi":"FIS GMC","MilestoneKhoan":"Support dự án","TenDuAn":"SCIC_IHRP_BH","KKhoan":0,"MaDuAn":"SCIC_IHRP_BH"},{"BoPhan":"PB GMCeGOV","DonVi":"FIS GMC","MilestoneKhoan":"Activity_2021","TenDuAn":"EGOV_ACTIVITY","KKhoan":0,"MaDuAn":"EGOV_ACTIVITY"},{"BoPhan":"PB GMCeHEA","DonVi":"FIS GMC","MilestoneKhoan":"Mốc 5: Vận hành chính thức 6 module (GD2)","TenDuAn":"EHOS_SYTDANANGGD3_SANNHI_PM","KKhoan":0,"MaDuAn":"EHOS_SYTDANANGGD3_SANNHI_PM"},{"BoPhan":"PB GMC SSC","DonVi":"FIS GMC","MilestoneKhoan":"Giai Đoạn 2 - Đợt 3: Cấu hình, Cài đặt, Triển khai, Nghiệm thu GĐ2","TenDuAn":"APOLLO_IHRP_PM","KKhoan":0,"MaDuAn":"APOLLO_IHRP_PM"},{"BoPhan":"PB GMC SSC","DonVi":"FIS GMC","MilestoneKhoan":"Đợt 3: Cài đặt, Triển khai & Nghiệm thu","TenDuAn":"STB_IHRP_2020_TH","KKhoan":0,"MaDuAn":"STB_IHRP_2020_TH"},{"BoPhan":"PB GMCeHEA","DonVi":"FIS GMC","MilestoneKhoan":"ML Quý 1.2021","TenDuAn":"Ehos_Support_MB","KKhoan":0,"MaDuAn":"Ehos_Support_MB"},{"BoPhan":"PB GMC SSC","DonVi":"FIS GMC","MilestoneKhoan":"Cài đặt, triển khai và nghiệm thu","TenDuAn":"NTL_IHRP_PM","KKhoan":0,"MaDuAn":"NTL_IHRP_PM"},{"BoPhan":"PB GMC SSC","DonVi":"FIS GMC","MilestoneKhoan":"ML Quý 1.2021","TenDuAn":"CLOUD_IHOTEL_2019_RND","KKhoan":0,"MaDuAn":"CLOUD_IHOTEL_2019_RND"},{"BoPhan":"PB GMCeHEA","DonVi":"FIS GMC","MilestoneKhoan":"ML Quý 1.2021","TenDuAn":"COR","KKhoan":0,"MaDuAn":"COR"},{"BoPhan":"PB GMCeGOV","DonVi":"FIS GMC","MilestoneKhoan":"Xây dựng phần mềm","TenDuAn":"CANTHO_STTTT_CN_PM","KKhoan":0,"MaDuAn":"CANTHO_STTTT_CN_PM"},{"BoPhan":"PB GMCeGOV","DonVi":"FIS GMC","MilestoneKhoan":"Triển khai, vận hành chính thức, nghiệm thu tổng, kết thúc tự án","TenDuAn":"HCM_HEPZA_DVC_PM","KKhoan":0,"MaDuAn":"HCM_HEPZA_DVC_PM"},{"BoPhan":"PB GMC SSC","DonVi":"FIS GMC","MilestoneKhoan":"Đợt 4: Bên A thanh toán giá trị còn lại của Hợp đồng ","TenDuAn":"GGG_IHRP_PM","KKhoan":0,"MaDuAn":"GGG_IHRP_PM"},{"BoPhan":"PB GMC SSC","DonVi":"FIS GMC","MilestoneKhoan":"Đợt 2: Lập URD & Data Migration - Data Load 1","TenDuAn":"STB_IHRP_2020_TH","KKhoan":0,"MaDuAn":"STB_IHRP_2020_TH"},{"BoPhan":"PB GMC SSC","DonVi":"FIS GMC","MilestoneKhoan":"CustomerSupport","TenDuAn":"TECOMEN_IHRP","KKhoan":0,"MaDuAn":"TECOMEN_IHRP"},{"BoPhan":"PB GMCeGOV","DonVi":"FIS GMC","MilestoneKhoan":"Hoàn thiện, đóng gói sản phẩm","TenDuAn":"GMC_EGOV_4_0","KKhoan":0,"MaDuAn":"GMC_EGOV_4_0"},{"BoPhan":"PB GMCeGOV","DonVi":"FIS GMC","MilestoneKhoan":"Cài đặt, kiểm thử, nghiệm thu lần 1, vận hành thử nghiệm","TenDuAn":"CANTHO_STTTT_CSDL_PM","KKhoan":0,"MaDuAn":"CANTHO_STTTT_CSDL_PM"},{"BoPhan":"PB GMCeGOV","DonVi":"FIS GMC","MilestoneKhoan":"Hỗ trợ vận hành, nghiệm thu 100%","TenDuAn":"HCM_BINHTAN_ISO_2019_PM","KKhoan":0,"MaDuAn":"HCM_BINHTAN_ISO_2019_PM"},{"BoPhan":"PB GMCeHEA","DonVi":"FIS GMC","MilestoneKhoan":"UAT + Vận hành chính thức","TenDuAn":"TMH3T_EHOS_2020_PM","KKhoan":0,"MaDuAn":"TMH3T_EHOS_2020_PM"},{"BoPhan":"PB GMC SSC","DonVi":"FIS GMC","MilestoneKhoan":"ML Quý 1.2021","TenDuAn":"FPT_IHOTEL","KKhoan":0,"MaDuAn":"FPT_IHOTEL"},{"BoPhan":"PB GMC SSC","DonVi":"FIS GMC","MilestoneKhoan":"ML Quý 1.2021","TenDuAn":"iHRP_Support","KKhoan":0,"MaDuAn":"iHRP_Support"},{"BoPhan":"PB GMC SSC","DonVi":"FIS GMC","MilestoneKhoan":"Đợt 2: Triển khai và nghiệm thu","TenDuAn":"NIDEC_IHRP_PM","KKhoan":0,"MaDuAn":"NIDEC_IHRP_PM"},{"BoPhan":"PB GMC SSC","DonVi":"FIS GMC","MilestoneKhoan":"Nghiệm thu dự án","TenDuAn":"VTA_IHRP_PM","KKhoan":0,"MaDuAn":"VTA_IHRP_PM"},{"BoPhan":"PB GMCeHEA","DonVi":"FIS GMC","MilestoneKhoan":"Support","TenDuAn":"NHIETDOI_EHOS_BSPH_BH","KKhoan":0,"MaDuAn":"NHIETDOI_EHOS_BSPH_BH"},{"BoPhan":"PB GMCeGOV","DonVi":"FIS GMC","MilestoneKhoan":"ML02_Nghiệm thu UAT, Triển khai và kết thúc dự án","TenDuAn":"BTTTT_CTTQG_2020_THOP","KKhoan":0,"MaDuAn":"BTTTT_CTTQG_2020_THOP"},{"BoPhan":"PB GMCeHEA","DonVi":"FIS GMC","MilestoneKhoan":"ML02: UAT, Triển khai, Nghiệm thu","TenDuAn":"BVKTYTHD_EHOS2_2020_PM","KKhoan":0,"MaDuAn":"BVKTYTHD_EHOS2_2020_PM"},{"BoPhan":"PB GMCeHEA","DonVi":"FIS GMC","MilestoneKhoan":"Customer Support","TenDuAn":"EHOS_SYT_DANANG_GD2","KKhoan":0,"MaDuAn":"EHOS_SYT_DANANG_GD2"}]}