{"error_code":"SUCCESSFUL","error_message":"", "data":[{"DonVi":"FIS OBC","isDelete":false,"FISX":760,"isActive":true,"version":0,"LoaiDuAn":"iHRP BT","BoPhan":"FIS OBCHCM","HeSoK":0.03,"ngayThem":"2021-03-22 16:51:13","id":22267,"Nam":"2020","TraNgay":0.3,"nguoiTao":"HuongKT7@fpt.com.vn","KyTinhKhoan":"2021"},{"DonVi":"FIS OBC","isDelete":false,"FISX":760,"isActive":true,"version":0,"LoaiDuAn":"iHRP","BoPhan":"FIS OBC HN","HeSoK":0.04,"ngayThem":"2021-03-22 16:51:13","id":22266,"Nam":"2020","TraNgay":0.3,"nguoiTao":"HuongKT7@fpt.com.vn","KyTinhKhoan":"2021"},{"DonVi":"FIS FTS","isDelete":false,"FISX":741,"isActive":true,"version":0,"LoaiDuAn":"FTS HCM","BoPhan":"FTS HCM","HeSoK":0.03,"ngayThem":"2021-03-22 16:33:22","id":22265,"Nam":"2020","TraNgay":0.3,"nguoiTao":"HuongKT7@fpt.com.vn","KyTinhKhoan":"2021"},{"DonVi":"FIS FTS","isDelete":false,"FISX":741,"isActive":true,"version":0,"LoaiDuAn":"PB DSVN","BoPhan":"PB DSVN","HeSoK":0.04,"ngayThem":"2021-03-22 16:33:22","id":22264,"Nam":"2020","TraNgay":0.3,"nguoiTao":"HuongKT7@fpt.com.vn","KyTinhKhoan":"2021"},{"DonVi":"FIS ENT","isDelete":false,"FISX":770,"isActive":true,"version":0,"LoaiDuAn":"iHRP BT","BoPhan":"AB ENT DSC","HeSoK":0.03,"ngayThem":"2021-03-22 15:57:06","id":22263,"Nam":"2020","TraNgay":0.3,"nguoiTao":"HuongKT7@fpt.com.vn","KyTinhKhoan":"2021"},{"DonVi":"FIS ENT","isDelete":false,"FISX":770,"isActive":true,"version":0,"LoaiDuAn":"iHRP","BoPhan":"AB ENT GSC","HeSoK":0.04,"ngayThem":"2021-03-22 15:57:06","id":22262,"Nam":"2020","TraNgay":0.3,"nguoiTao":"HuongKT7@fpt.com.vn","KyTinhKhoan":"2021"},{"DonVi":"FIS CA","isDelete":false,"FISX":713,"isActive":true,"version":0,"LoaiDuAn":"iHRP BT","BoPhan":"AB CA HN","HeSoK":0.03,"ngayThem":"2021-03-22 15:44:29","id":22261,"Nam":"2020","TraNgay":0.3,"nguoiTao":"HuongKT7@fpt.com.vn","KyTinhKhoan":"2021"},{"DonVi":"FIS CA","isDelete":false,"FISX":713,"isActive":true,"version":0,"LoaiDuAn":"iHRP","BoPhan":"AB CA HN","HeSoK":0.04,"ngayThem":"2021-03-22 15:44:29","id":22260,"Nam":"2020","TraNgay":0.3,"nguoiTao":"HuongKT7@fpt.com.vn","KyTinhKhoan":"2021"},{"DonVi":"FIS SRV","isDelete":false,"FISX":699,"isActive":true,"version":0,"LoaiDuAn":"iHRP BT","BoPhan":"PB SRVSSI1","HeSoK":0.03,"ngayThem":"2021-03-22 15:12:03","id":22259,"Nam":"2020","TraNgay":0.3,"nguoiTao":"gianglh3@fpt.com.vn","KyTinhKhoan":"2021"},{"DonVi":"FIS SRV","isDelete":false,"FISX":699,"isActive":true,"version":0,"LoaiDuAn":"iHRP","BoPhan":"PB SRVBSS1","HeSoK":0.04,"ngayThem":"2021-03-22 15:12:03","id":22258,"Nam":"2020","TraNgay":0.3,"nguoiTao":"gianglh3@fpt.com.vn","KyTinhKhoan":"2021"},{"DonVi":"FIS ERPHCM","isDelete":false,"FISX":756,"isActive":true,"version":0,"LoaiDuAn":"iHRP BT","BoPhan":"BO ERP HCM","HeSoK":0.03,"ngayThem":"2021-03-22 14:49:26","id":22257,"Nam":"2020","TraNgay":0.3,"nguoiTao":"HuongKT7@fpt.com.vn","KyTinhKhoan":"2021"},{"DonVi":"FIS ERPHCM","isDelete":false,"FISX":756,"isActive":true,"version":0,"LoaiDuAn":"iHRP","BoPhan":"BOM ERPHCM","HeSoK":0.04,"ngayThem":"2021-03-22 14:49:26","id":22256,"Nam":"2020","TraNgay":0.3,"nguoiTao":"HuongKT7@fpt.com.vn","KyTinhKhoan":"2021"},{"DonVi":"FIS ERP","isDelete":false,"FISX":744,"isActive":true,"version":0,"LoaiDuAn":"iHRP BT","BoPhan":"PB ERP ORC","HeSoK":0.03,"ngayThem":"2021-03-22 14:01:15","id":22255,"Nam":"2020","TraNgay":0.3,"nguoiTao":"phongpv9@fpt.com.vn","KyTinhKhoan":"2021"},{"DonVi":"FIS ERP","isDelete":false,"FISX":744,"isActive":true,"version":0,"LoaiDuAn":"iHRP","BoPhan":"BOM ERP HN","HeSoK":0.04,"ngayThem":"2021-03-22 14:01:15","id":22254,"Nam":"2020","TraNgay":0.3,"nguoiTao":"phongpv9@fpt.com.vn","KyTinhKhoan":"2021"},{"DonVi":"FIS GMC","isDelete":false,"FISX":763,"isActive":true,"version":0,"LoaiDuAn":"Trien khai eLearning","BoPhan":"PB GMCeHEA","HeSoK":0.03,"ngayThem":"2021-03-22 11:35:43","id":22253,"Nam":"2020","TraNgay":0.3,"nguoiTao":"danhnc14@fpt.com.vn","KyTinhKhoan":"2021"},{"DonVi":"FIS GMC","isDelete":false,"FISX":763,"isActive":true,"version":0,"LoaiDuAn":"HSC Phụ Lục Nang cap 2020","BoPhan":"PB GMC SSC","HeSoK":0.03,"ngayThem":"2021-03-22 11:35:43","id":22252,"Nam":"2020","TraNgay":0.3,"nguoiTao":"danhnc14@fpt.com.vn","KyTinhKhoan":"2021"},{"DonVi":"FIS GMC","isDelete":false,"FISX":763,"isActive":true,"version":0,"LoaiDuAn":"2020_YUSEN_100 user phụ","BoPhan":"PB GMCeGOV","HeSoK":0.03,"ngayThem":"2021-03-22 11:35:43","id":22251,"Nam":"2020","TraNgay":0.3,"nguoiTao":"danhnc14@fpt.com.vn","KyTinhKhoan":"2021"},{"DonVi":"FIS GMC","isDelete":false,"FISX":763,"isActive":true,"version":0,"LoaiDuAn":"2020_olam_CR nhà máy Quy Nhơn","BoPhan":"PB GMCeGOV","HeSoK":0.03,"ngayThem":"2021-03-22 11:35:43","id":22250,"Nam":"2020","TraNgay":0.3,"nguoiTao":"danhnc14@fpt.com.vn","KyTinhKhoan":"2021"},{"DonVi":"FIS GMC","isDelete":false,"FISX":763,"isActive":true,"version":0,"LoaiDuAn":"Sony bảo trì 01/04 - 31/3/2021","BoPhan":"PB GMCeGOV","HeSoK":0.03,"ngayThem":"2021-03-22 11:35:43","id":22249,"Nam":"2020","TraNgay":0.3,"nguoiTao":"danhnc14@fpt.com.vn","KyTinhKhoan":"2021"},{"DonVi":"FIS GMC","isDelete":false,"FISX":763,"isActive":true,"version":0,"LoaiDuAn":"2020_kien long bank_bao tri ihrp 12T từ 01/02/2020","BoPhan":"PB GMCeHEA","HeSoK":0.04,"ngayThem":"2021-03-22 11:35:43","id":22248,"Nam":"2020","TraNgay":0.3,"nguoiTao":"danhnc14@fpt.com.vn","KyTinhKhoan":"2021"},{"DonVi":"FIS GMC","isDelete":false,"FISX":763,"isActive":true,"version":0,"LoaiDuAn":"2020_KABI VPDD HCM_BAO TRI 26-Jan-20 25-Jan-21","BoPhan":"PB GMCeHEA","HeSoK":0.04,"ngayThem":"2021-03-22 11:35:43","id":22247,"Nam":"2020","TraNgay":0.3,"nguoiTao":"danhnc14@fpt.com.vn","KyTinhKhoan":"2021"},{"DonVi":"FIS GMC","isDelete":false,"FISX":763,"isActive":true,"version":0,"LoaiDuAn":"2020_KABI_BTRI 26-Jan-20 25-Jan-21","BoPhan":"PB GMC SSC","HeSoK":0.04,"ngayThem":"2021-03-22 11:35:43","id":22246,"Nam":"2020","TraNgay":0.3,"nguoiTao":"danhnc14@fpt.com.vn","KyTinhKhoan":"2021"},{"DonVi":"FIS GMC","isDelete":false,"FISX":763,"isActive":true,"version":0,"LoaiDuAn":"Bảo trì iHRP 2020","BoPhan":"PB GMCeGOV","HeSoK":0.04,"ngayThem":"2021-03-22 11:35:43","id":22245,"Nam":"2020","TraNgay":0.3,"nguoiTao":"danhnc14@fpt.com.vn","KyTinhKhoan":"2021"},{"DonVi":"FIS GMC","isDelete":false,"FISX":763,"isActive":true,"version":0,"LoaiDuAn":"2020_PTSC TDV_BHBT PM QL Vật tư - 06/12/2019 - 31/12/2020","BoPhan":"PB GMCeHEA","HeSoK":0.04,"ngayThem":"2021-03-22 11:35:43","id":22244,"Nam":"2020","TraNgay":0.3,"nguoiTao":"danhnc14@fpt.com.vn","KyTinhKhoan":"2021"},{"DonVi":"FIS GMC","isDelete":false,"FISX":763,"isActive":true,"version":0,"LoaiDuAn":"2020_VIETSOVPETRO_VSP_BT NC BS TN PM 12T TỪ NGÀY 31/12/2019","BoPhan":"PB GMC SSC","HeSoK":0.04,"ngayThem":"2021-03-22 11:35:43","id":22243,"Nam":"2020","TraNgay":0.3,"nguoiTao":"danhnc14@fpt.com.vn","KyTinhKhoan":"2021"},{"DonVi":"FIS GMC","isDelete":false,"FISX":763,"isActive":true,"version":0,"LoaiDuAn":"License User TPB","BoPhan":"PB GMC SSC","HeSoK":0.04,"ngayThem":"2021-03-22 11:35:43","id":22242,"Nam":"2020","TraNgay":0.3,"nguoiTao":"danhnc14@fpt.com.vn","KyTinhKhoan":"2021"},{"DonVi":"FIS GMC","isDelete":false,"FISX":763,"isActive":true,"version":0,"LoaiDuAn":"CR iHRP","BoPhan":"PB GMC SSC","HeSoK":0.04,"ngayThem":"2021-03-22 11:35:43","id":22241,"Nam":"2020","TraNgay":0.3,"nguoiTao":"danhnc14@fpt.com.vn","KyTinhKhoan":"2021"},{"DonVi":"FIS GMC","isDelete":false,"FISX":763,"isActive":true,"version":0,"LoaiDuAn":"iHRP GGG","BoPhan":"PB GMC SSC","HeSoK":0.04,"ngayThem":"2021-03-22 11:35:43","id":22240,"Nam":"2020","TraNgay":0.3,"nguoiTao":"danhnc14@fpt.com.vn","KyTinhKhoan":"2021"},{"DonVi":"FIS GMC","isDelete":false,"FISX":763,"isActive":true,"version":0,"LoaiDuAn":"iHRP Daikin","BoPhan":"PB GMCeGOV","HeSoK":0.04,"ngayThem":"2021-03-22 11:35:43","id":22239,"Nam":"2020","TraNgay":0.3,"nguoiTao":"danhnc14@fpt.com.vn","KyTinhKhoan":"2021"},{"DonVi":"FIS GMC","isDelete":false,"FISX":763,"isActive":true,"version":0,"LoaiDuAn":"Mua Bán License User","BoPhan":"PB GMC SSC","HeSoK":0.04,"ngayThem":"2021-03-22 11:35:43","id":22238,"Nam":"2020","TraNgay":0.3,"nguoiTao":"danhnc14@fpt.com.vn","KyTinhKhoan":"2021"},{"DonVi":"FIS GMC","isDelete":false,"FISX":763,"isActive":true,"version":0,"LoaiDuAn":"Bảo Trì iHRP DIV","BoPhan":"PB GMC SSC","HeSoK":0.03,"ngayThem":"2021-03-22 11:35:43","id":22237,"Nam":"2020","TraNgay":0.3,"nguoiTao":"danhnc14@fpt.com.vn","KyTinhKhoan":"2021"},{"DonVi":"FIS GMC","isDelete":false,"FISX":763,"isActive":true,"version":0,"LoaiDuAn":"Bảo trì iHRP","BoPhan":"PB GMC SSC","HeSoK":0.04,"ngayThem":"2021-03-22 11:35:43","id":22236,"Nam":"2020","TraNgay":0.3,"nguoiTao":"danhnc14@fpt.com.vn","KyTinhKhoan":"2021"},{"DonVi":"FIS BANK","isDelete":false,"FISX":715,"isActive":true,"version":0,"LoaiDuAn":"SRV_BachNS","BoPhan":"AB BNKSAL5","HeSoK":0.16,"ngayThem":"2021-03-19 16:34:00","id":22235,"Nam":"2020","TraNgay":0.2,"nguoiTao":"danhnc14@fpt.com.vn","KyTinhKhoan":"2021"},{"DonVi":"FIS BANK","isDelete":false,"FISX":715,"isActive":true,"version":0,"LoaiDuAn":"SW_BachNS","BoPhan":"AB BNKSAL5","HeSoK":0.16,"ngayThem":"2021-03-19 16:34:00","id":22234,"Nam":"2020","TraNgay":0.2,"nguoiTao":"danhnc14@fpt.com.vn","KyTinhKhoan":"2021"},{"DonVi":"FIS BANK","isDelete":false,"FISX":715,"isActive":true,"version":0,"LoaiDuAn":"HW_BachNS","BoPhan":"AB BNKSAL5","HeSoK":0.16,"ngayThem":"2021-03-19 16:34:00","id":22233,"Nam":"2020","TraNgay":0.2,"nguoiTao":"danhnc14@fpt.com.vn","KyTinhKhoan":"2021"},{"DonVi":"FIS BANK","isDelete":false,"FISX":715,"isActive":true,"version":0,"LoaiDuAn":"SRV_BachNS","BoPhan":"AB BNKSAL5","HeSoK":0.16,"ngayThem":"2021-03-19 16:34:00","id":22232,"Nam":"2021","TraNgay":0.2,"nguoiTao":"danhnc14@fpt.com.vn","KyTinhKhoan":"2021"},{"DonVi":"FIS BANK","isDelete":false,"FISX":715,"isActive":true,"version":0,"LoaiDuAn":"SW_BachNS","BoPhan":"AB BNKSAL5","HeSoK":0.16,"ngayThem":"2021-03-19 16:34:00","id":22231,"Nam":"2021","TraNgay":0.2,"nguoiTao":"danhnc14@fpt.com.vn","KyTinhKhoan":"2021"},{"DonVi":"FIS BANK","isDelete":false,"FISX":715,"isActive":true,"version":0,"LoaiDuAn":"HW_BachNS","BoPhan":"AB BNKSAL5","HeSoK":0.16,"ngayThem":"2021-03-19 16:34:00","id":22230,"Nam":"2021","TraNgay":0.2,"nguoiTao":"danhnc14@fpt.com.vn","KyTinhKhoan":"2021"},{"DonVi":"FIS BANK","isDelete":false,"FISX":715,"isActive":true,"version":0,"LoaiDuAn":"SRV_TuanHG2","BoPhan":"AB BNKSAL5","HeSoK":0.22,"ngayThem":"2021-03-19 16:34:00","id":22229,"Nam":"2020","TraNgay":0.2,"nguoiTao":"danhnc14@fpt.com.vn","KyTinhKhoan":"2021"},{"DonVi":"FIS BANK","isDelete":false,"FISX":715,"isActive":true,"version":0,"LoaiDuAn":"SW_TuanHG2","BoPhan":"AB BNKSAL5","HeSoK":0.22,"ngayThem":"2021-03-19 16:34:00","id":22228,"Nam":"2020","TraNgay":0.2,"nguoiTao":"danhnc14@fpt.com.vn","KyTinhKhoan":"2021"},{"DonVi":"FIS BANK","isDelete":false,"FISX":715,"isActive":true,"version":0,"LoaiDuAn":"HW_Tuanhg2","BoPhan":"AB BNKSAL5","HeSoK":0.1,"ngayThem":"2021-03-19 16:34:00","id":22227,"Nam":"2020","TraNgay":0.2,"nguoiTao":"danhnc14@fpt.com.vn","KyTinhKhoan":"2021"},{"DonVi":"FIS BANK","isDelete":false,"FISX":715,"isActive":true,"version":0,"LoaiDuAn":"SRV_TuanHG2","BoPhan":"AB BNKSAL5","HeSoK":0.22,"ngayThem":"2021-03-19 16:34:00","id":22226,"Nam":"2021","TraNgay":0.2,"nguoiTao":"danhnc14@fpt.com.vn","KyTinhKhoan":"2021"},{"DonVi":"FIS BANK","isDelete":false,"FISX":715,"isActive":true,"version":0,"LoaiDuAn":"SW_TuanHG2","BoPhan":"AB BNKSAL5","HeSoK":0.22,"ngayThem":"2021-03-19 16:34:00","id":22225,"Nam":"2021","TraNgay":0.2,"nguoiTao":"danhnc14@fpt.com.vn","KyTinhKhoan":"2021"},{"DonVi":"FIS BANK","isDelete":false,"FISX":715,"isActive":true,"version":0,"LoaiDuAn":"HW_Tuanhg2","BoPhan":"AB BNKSAL5","HeSoK":0.1,"ngayThem":"2021-03-19 16:34:00","id":22224,"Nam":"2021","TraNgay":0.2,"nguoiTao":"danhnc14@fpt.com.vn","KyTinhKhoan":"2021"},{"DonVi":"FIS BANK","isDelete":false,"FISX":715,"isActive":true,"version":0,"LoaiDuAn":"SRV_Thanhht28","BoPhan":"AB BNKSAL2","HeSoK":0.22,"ngayThem":"2021-03-19 16:34:00","id":22223,"Nam":"2020","TraNgay":0.2,"nguoiTao":"danhnc14@fpt.com.vn","KyTinhKhoan":"2021"},{"DonVi":"FIS BANK","isDelete":false,"FISX":715,"isActive":true,"version":0,"LoaiDuAn":"SRV_TruongTD","BoPhan":"AB BNKSAL5","HeSoK":0.22,"ngayThem":"2021-03-19 16:34:00","id":22222,"Nam":"2020","TraNgay":0.2,"nguoiTao":"danhnc14@fpt.com.vn","KyTinhKhoan":"2021"},{"DonVi":"FIS BANK","isDelete":false,"FISX":715,"isActive":true,"version":0,"LoaiDuAn":"SRV_QuanNA5","BoPhan":"AB BNKSAL5","HeSoK":0.22,"ngayThem":"2021-03-19 16:34:00","id":22221,"Nam":"2020","TraNgay":0.2,"nguoiTao":"danhnc14@fpt.com.vn","KyTinhKhoan":"2021"},{"DonVi":"FIS BANK","isDelete":false,"FISX":715,"isActive":true,"version":0,"LoaiDuAn":"SRV_QuangNB","BoPhan":"AB BNKSAL5","HeSoK":0.22,"ngayThem":"2021-03-19 16:34:00","id":22220,"Nam":"2020","TraNgay":0.2,"nguoiTao":"danhnc14@fpt.com.vn","KyTinhKhoan":"2021"},{"DonVi":"FIS BANK","isDelete":false,"FISX":715,"isActive":true,"version":0,"LoaiDuAn":"SRV_DucNM30","BoPhan":"AB BNKSAL5","HeSoK":0.22,"ngayThem":"2021-03-19 16:34:00","id":22219,"Nam":"2020","TraNgay":0.2,"nguoiTao":"danhnc14@fpt.com.vn","KyTinhKhoan":"2021"},{"DonVi":"FIS BANK","isDelete":false,"FISX":715,"isActive":true,"version":0,"LoaiDuAn":"SRV_AnhND60","BoPhan":"AB BNKSAL5","HeSoK":0.22,"ngayThem":"2021-03-19 16:34:00","id":22218,"Nam":"2020","TraNgay":0.2,"nguoiTao":"danhnc14@fpt.com.vn","KyTinhKhoan":"2021"},{"DonVi":"FIS BANK","isDelete":false,"FISX":715,"isActive":true,"version":0,"LoaiDuAn":"SRV_AnhDQ19","BoPhan":"AB BNKSAL5","HeSoK":0.22,"ngayThem":"2021-03-19 16:34:00","id":22217,"Nam":"2020","TraNgay":0.2,"nguoiTao":"danhnc14@fpt.com.vn","KyTinhKhoan":"2021"},{"DonVi":"FIS BANK","isDelete":false,"FISX":715,"isActive":true,"version":0,"LoaiDuAn":"SRV_NgatNT","BoPhan":"AB BNKSAL3","HeSoK":0.025,"ngayThem":"2021-03-19 16:34:00","id":22216,"Nam":"2020","TraNgay":0.2,"nguoiTao":"danhnc14@fpt.com.vn","KyTinhKhoan":"2021"},{"DonVi":"FIS BANK","isDelete":false,"FISX":715,"isActive":true,"version":0,"LoaiDuAn":"SRV_HungDT8","BoPhan":"AB BNKSAL3","HeSoK":0.18,"ngayThem":"2021-03-19 16:34:00","id":22215,"Nam":"2020","TraNgay":0.2,"nguoiTao":"danhnc14@fpt.com.vn","KyTinhKhoan":"2021"},{"DonVi":"FIS BANK","isDelete":false,"FISX":715,"isActive":true,"version":0,"LoaiDuAn":"SRV_linhlk2","BoPhan":"AB BNKSAL3","HeSoK":0.1,"ngayThem":"2021-03-19 16:34:00","id":22214,"Nam":"2020","TraNgay":0.2,"nguoiTao":"danhnc14@fpt.com.vn","KyTinhKhoan":"2021"},{"DonVi":"FIS BANK","isDelete":false,"FISX":715,"isActive":true,"version":0,"LoaiDuAn":"SRV_DatLHN","BoPhan":"AB BNKSAL3","HeSoK":0.06,"ngayThem":"2021-03-19 16:34:00","id":22213,"Nam":"2020","TraNgay":0.2,"nguoiTao":"danhnc14@fpt.com.vn","KyTinhKhoan":"2021"},{"DonVi":"FIS BANK","isDelete":false,"FISX":715,"isActive":true,"version":0,"LoaiDuAn":"SRV_ToanNQ3","BoPhan":"AB BNKSAL2","HeSoK":0.049520463,"ngayThem":"2021-03-19 16:34:00","id":22212,"Nam":"2020","TraNgay":0.2,"nguoiTao":"danhnc14@fpt.com.vn","KyTinhKhoan":"2021"},{"DonVi":"FIS BANK","isDelete":false,"FISX":715,"isActive":true,"version":0,"LoaiDuAn":"SRV_AnhBQ","BoPhan":"AB BNKSAL2","HeSoK":0.057977993,"ngayThem":"2021-03-19 16:34:00","id":22211,"Nam":"2020","TraNgay":0.2,"nguoiTao":"danhnc14@fpt.com.vn","KyTinhKhoan":"2021"},{"DonVi":"FIS BANK","isDelete":false,"FISX":715,"isActive":true,"version":0,"LoaiDuAn":"SRV_QuangNV3","BoPhan":"AB BNKSAL2","HeSoK":0.04362693,"ngayThem":"2021-03-19 16:34:00","id":22210,"Nam":"2020","TraNgay":0.2,"nguoiTao":"danhnc14@fpt.com.vn","KyTinhKhoan":"2021"},{"DonVi":"FIS BANK","isDelete":false,"FISX":715,"isActive":true,"version":0,"LoaiDuAn":"SRV_TungNA3","BoPhan":"AB BNKSAL2","HeSoK":0.036445655,"ngayThem":"2021-03-19 16:34:00","id":22209,"Nam":"2020","TraNgay":0.2,"nguoiTao":"danhnc14@fpt.com.vn","KyTinhKhoan":"2021"},{"DonVi":"FIS BANK","isDelete":false,"FISX":715,"isActive":true,"version":0,"LoaiDuAn":"SW_Thanhht28","BoPhan":"AB BNKSAL2","HeSoK":0.22,"ngayThem":"2021-03-19 16:34:00","id":22208,"Nam":"2020","TraNgay":0.2,"nguoiTao":"danhnc14@fpt.com.vn","KyTinhKhoan":"2021"},{"DonVi":"FIS BANK","isDelete":false,"FISX":715,"isActive":true,"version":0,"LoaiDuAn":"SW_TruongTD","BoPhan":"AB BNKSAL5","HeSoK":0.22,"ngayThem":"2021-03-19 16:34:00","id":22207,"Nam":"2020","TraNgay":0.2,"nguoiTao":"danhnc14@fpt.com.vn","KyTinhKhoan":"2021"},{"DonVi":"FIS BANK","isDelete":false,"FISX":715,"isActive":true,"version":0,"LoaiDuAn":"SW_QuanNA5","BoPhan":"AB BNKSAL5","HeSoK":0.22,"ngayThem":"2021-03-19 16:34:00","id":22206,"Nam":"2020","TraNgay":0.2,"nguoiTao":"danhnc14@fpt.com.vn","KyTinhKhoan":"2021"},{"DonVi":"FIS BANK","isDelete":false,"FISX":715,"isActive":true,"version":0,"LoaiDuAn":"SW_QuangNB","BoPhan":"AB BNKSAL5","HeSoK":0.22,"ngayThem":"2021-03-19 16:34:00","id":22205,"Nam":"2020","TraNgay":0.2,"nguoiTao":"danhnc14@fpt.com.vn","KyTinhKhoan":"2021"},{"DonVi":"FIS BANK","isDelete":false,"FISX":715,"isActive":true,"version":0,"LoaiDuAn":"SW_DucNM30","BoPhan":"AB BNKSAL5","HeSoK":0.22,"ngayThem":"2021-03-19 16:34:00","id":22204,"Nam":"2020","TraNgay":0.2,"nguoiTao":"danhnc14@fpt.com.vn","KyTinhKhoan":"2021"},{"DonVi":"FIS BANK","isDelete":false,"FISX":715,"isActive":true,"version":0,"LoaiDuAn":"SW_AnhND60","BoPhan":"AB BNKSAL5","HeSoK":0.22,"ngayThem":"2021-03-19 16:34:00","id":22203,"Nam":"2020","TraNgay":0.2,"nguoiTao":"danhnc14@fpt.com.vn","KyTinhKhoan":"2021"},{"DonVi":"FIS BANK","isDelete":false,"FISX":715,"isActive":true,"version":0,"LoaiDuAn":"SW_AnhDQ19","BoPhan":"AB BNKSAL5","HeSoK":0.22,"ngayThem":"2021-03-19 16:34:00","id":22202,"Nam":"2020","TraNgay":0.2,"nguoiTao":"danhnc14@fpt.com.vn","KyTinhKhoan":"2021"},{"DonVi":"FIS BANK","isDelete":false,"FISX":715,"isActive":true,"version":0,"LoaiDuAn":"SW_NgatNT","BoPhan":"AB BNKSAL3","HeSoK":0.025,"ngayThem":"2021-03-19 16:34:00","id":22201,"Nam":"2020","TraNgay":0.2,"nguoiTao":"danhnc14@fpt.com.vn","KyTinhKhoan":"2021"},{"DonVi":"FIS BANK","isDelete":false,"FISX":715,"isActive":true,"version":0,"LoaiDuAn":"SW_HungDT8","BoPhan":"AB BNKSAL3","HeSoK":0.18,"ngayThem":"2021-03-19 16:34:00","id":22200,"Nam":"2020","TraNgay":0.2,"nguoiTao":"danhnc14@fpt.com.vn","KyTinhKhoan":"2021"},{"DonVi":"FIS BANK","isDelete":false,"FISX":715,"isActive":true,"version":0,"LoaiDuAn":"SW_linhlk2","BoPhan":"AB BNKSAL3","HeSoK":0.1,"ngayThem":"2021-03-19 16:34:00","id":22199,"Nam":"2020","TraNgay":0.2,"nguoiTao":"danhnc14@fpt.com.vn","KyTinhKhoan":"2021"},{"DonVi":"FIS BANK","isDelete":false,"FISX":715,"isActive":true,"version":0,"LoaiDuAn":"SW_DatLHN","BoPhan":"AB BNKSAL3","HeSoK":0.06,"ngayThem":"2021-03-19 16:34:00","id":22198,"Nam":"2020","TraNgay":0.2,"nguoiTao":"danhnc14@fpt.com.vn","KyTinhKhoan":"2021"},{"DonVi":"FIS BANK","isDelete":false,"FISX":715,"isActive":true,"version":0,"LoaiDuAn":"SW_ToanNQ3","BoPhan":"AB BNKSAL2","HeSoK":0.049520463,"ngayThem":"2021-03-19 16:34:00","id":22197,"Nam":"2020","TraNgay":0.2,"nguoiTao":"danhnc14@fpt.com.vn","KyTinhKhoan":"2021"},{"DonVi":"FIS BANK","isDelete":false,"FISX":715,"isActive":true,"version":0,"LoaiDuAn":"SW_AnhBQ","BoPhan":"AB BNKSAL2","HeSoK":0.057977993,"ngayThem":"2021-03-19 16:34:00","id":22196,"Nam":"2020","TraNgay":0.2,"nguoiTao":"danhnc14@fpt.com.vn","KyTinhKhoan":"2021"},{"DonVi":"FIS BANK","isDelete":false,"FISX":715,"isActive":true,"version":0,"LoaiDuAn":"SW_QuangNV3","BoPhan":"AB BNKSAL2","HeSoK":0.04362693,"ngayThem":"2021-03-19 16:34:00","id":22195,"Nam":"2020","TraNgay":0.2,"nguoiTao":"danhnc14@fpt.com.vn","KyTinhKhoan":"2021"},{"DonVi":"FIS BANK","isDelete":false,"FISX":715,"isActive":true,"version":0,"LoaiDuAn":"SW_TungNA3","BoPhan":"AB BNKSAL2","HeSoK":0.036445655,"ngayThem":"2021-03-19 16:34:00","id":22194,"Nam":"2020","TraNgay":0.2,"nguoiTao":"danhnc14@fpt.com.vn","KyTinhKhoan":"2021"},{"DonVi":"FIS BANK","isDelete":false,"FISX":715,"isActive":true,"version":0,"LoaiDuAn":"HW_Thanhht28","BoPhan":"AB BNKSAL2","HeSoK":0.06,"ngayThem":"2021-03-19 16:34:00","id":22193,"Nam":"2020","TraNgay":0.2,"nguoiTao":"danhnc14@fpt.com.vn","KyTinhKhoan":"2021"},{"DonVi":"FIS BANK","isDelete":false,"FISX":715,"isActive":true,"version":0,"LoaiDuAn":"HW_TruongTD","BoPhan":"AB BNKSAL5","HeSoK":0.06,"ngayThem":"2021-03-19 16:34:00","id":22192,"Nam":"2020","TraNgay":0.2,"nguoiTao":"danhnc14@fpt.com.vn","KyTinhKhoan":"2021"},{"DonVi":"FIS BANK","isDelete":false,"FISX":715,"isActive":true,"version":0,"LoaiDuAn":"HW_QuanNA5","BoPhan":"AB BNKSAL5","HeSoK":0.06,"ngayThem":"2021-03-19 16:34:00","id":22191,"Nam":"2020","TraNgay":0.2,"nguoiTao":"danhnc14@fpt.com.vn","KyTinhKhoan":"2021"},{"DonVi":"FIS BANK","isDelete":false,"FISX":715,"isActive":true,"version":0,"LoaiDuAn":"HW_QuangNB","BoPhan":"AB BNKSAL5","HeSoK":0.1,"ngayThem":"2021-03-19 16:34:00","id":22190,"Nam":"2020","TraNgay":0.2,"nguoiTao":"danhnc14@fpt.com.vn","KyTinhKhoan":"2021"},{"DonVi":"FIS BANK","isDelete":false,"FISX":715,"isActive":true,"version":0,"LoaiDuAn":"HW_DucNM30","BoPhan":"AB BNKSAL5","HeSoK":0.07,"ngayThem":"2021-03-19 16:34:00","id":22189,"Nam":"2020","TraNgay":0.2,"nguoiTao":"danhnc14@fpt.com.vn","KyTinhKhoan":"2021"},{"DonVi":"FIS BANK","isDelete":false,"FISX":715,"isActive":true,"version":0,"LoaiDuAn":"HW_AnhND60","BoPhan":"AB BNKSAL5","HeSoK":0.16,"ngayThem":"2021-03-19 16:34:00","id":22188,"Nam":"2020","TraNgay":0.2,"nguoiTao":"danhnc14@fpt.com.vn","KyTinhKhoan":"2021"},{"DonVi":"FIS BANK","isDelete":false,"FISX":715,"isActive":true,"version":0,"LoaiDuAn":"HW_AnhDQ19","BoPhan":"AB BNKSAL5","HeSoK":0.16,"ngayThem":"2021-03-19 16:34:00","id":22187,"Nam":"2020","TraNgay":0.2,"nguoiTao":"danhnc14@fpt.com.vn","KyTinhKhoan":"2021"},{"DonVi":"FIS BANK","isDelete":false,"FISX":715,"isActive":true,"version":0,"LoaiDuAn":"HW_NgatNT","BoPhan":"AB BNKSAL3","HeSoK":0.025,"ngayThem":"2021-03-19 16:34:00","id":22186,"Nam":"2020","TraNgay":0.2,"nguoiTao":"danhnc14@fpt.com.vn","KyTinhKhoan":"2021"},{"DonVi":"FIS BANK","isDelete":false,"FISX":715,"isActive":true,"version":0,"LoaiDuAn":"HW_HungDT8","BoPhan":"AB BNKSAL3","HeSoK":0.18,"ngayThem":"2021-03-19 16:34:00","id":22185,"Nam":"2020","TraNgay":0.2,"nguoiTao":"danhnc14@fpt.com.vn","KyTinhKhoan":"2021"},{"DonVi":"FIS BANK","isDelete":false,"FISX":715,"isActive":true,"version":0,"LoaiDuAn":"HW_linhlk2","BoPhan":"AB BNKSAL3","HeSoK":0.1,"ngayThem":"2021-03-19 16:34:00","id":22184,"Nam":"2020","TraNgay":0.2,"nguoiTao":"danhnc14@fpt.com.vn","KyTinhKhoan":"2021"},{"DonVi":"FIS BANK","isDelete":false,"FISX":715,"isActive":true,"version":0,"LoaiDuAn":"HW_DatLHN","BoPhan":"AB BNKSAL3","HeSoK":0.06,"ngayThem":"2021-03-19 16:34:00","id":22183,"Nam":"2020","TraNgay":0.2,"nguoiTao":"danhnc14@fpt.com.vn","KyTinhKhoan":"2021"},{"DonVi":"FIS BANK","isDelete":false,"FISX":715,"isActive":true,"version":0,"LoaiDuAn":"HW_ToanNQ3","BoPhan":"AB BNKSAL2","HeSoK":0.024760231,"ngayThem":"2021-03-19 16:34:00","id":22182,"Nam":"2020","TraNgay":0.2,"nguoiTao":"danhnc14@fpt.com.vn","KyTinhKhoan":"2021"},{"DonVi":"FIS BANK","isDelete":false,"FISX":715,"isActive":true,"version":0,"LoaiDuAn":"HW_AnhBQ","BoPhan":"AB BNKSAL2","HeSoK":0.028988997,"ngayThem":"2021-03-19 16:34:00","id":22181,"Nam":"2020","TraNgay":0.2,"nguoiTao":"danhnc14@fpt.com.vn","KyTinhKhoan":"2021"},{"DonVi":"FIS BANK","isDelete":false,"FISX":715,"isActive":true,"version":0,"LoaiDuAn":"HW_QuangNV3","BoPhan":"AB BNKSAL2","HeSoK":0.021813465,"ngayThem":"2021-03-19 16:34:00","id":22180,"Nam":"2020","TraNgay":0.2,"nguoiTao":"danhnc14@fpt.com.vn","KyTinhKhoan":"2021"},{"DonVi":"FIS BANK","isDelete":false,"FISX":715,"isActive":true,"version":0,"LoaiDuAn":"HW_TungNA3","BoPhan":"AB BNKSAL2","HeSoK":0.018222827,"ngayThem":"2021-03-19 16:34:00","id":22179,"Nam":"2020","TraNgay":0.2,"nguoiTao":"danhnc14@fpt.com.vn","KyTinhKhoan":"2021"},{"DonVi":"FIS BANK","isDelete":false,"FISX":715,"isActive":true,"version":0,"LoaiDuAn":"SRV_Thanhht28","BoPhan":"AB BNKSAL2","HeSoK":0.22,"ngayThem":"2021-03-19 16:34:00","id":22178,"Nam":"2021","TraNgay":0.2,"nguoiTao":"danhnc14@fpt.com.vn","KyTinhKhoan":"2021"},{"DonVi":"FIS BANK","isDelete":false,"FISX":715,"isActive":true,"version":0,"LoaiDuAn":"SRV_TruongTD","BoPhan":"AB BNKSAL5","HeSoK":0.22,"ngayThem":"2021-03-19 16:34:00","id":22177,"Nam":"2021","TraNgay":0.2,"nguoiTao":"danhnc14@fpt.com.vn","KyTinhKhoan":"2021"},{"DonVi":"FIS BANK","isDelete":false,"FISX":715,"isActive":true,"version":0,"LoaiDuAn":"SRV_QuanNA5","BoPhan":"AB BNKSAL5","HeSoK":0.22,"ngayThem":"2021-03-19 16:34:00","id":22176,"Nam":"2021","TraNgay":0.2,"nguoiTao":"danhnc14@fpt.com.vn","KyTinhKhoan":"2021"},{"DonVi":"FIS BANK","isDelete":false,"FISX":715,"isActive":true,"version":0,"LoaiDuAn":"SRV_QuangNB","BoPhan":"AB BNKSAL5","HeSoK":0.22,"ngayThem":"2021-03-19 16:34:00","id":22175,"Nam":"2021","TraNgay":0.2,"nguoiTao":"danhnc14@fpt.com.vn","KyTinhKhoan":"2021"},{"DonVi":"FIS BANK","isDelete":false,"FISX":715,"isActive":true,"version":0,"LoaiDuAn":"SRV_DucNM30","BoPhan":"AB BNKSAL5","HeSoK":0.22,"ngayThem":"2021-03-19 16:34:00","id":22174,"Nam":"2021","TraNgay":0.2,"nguoiTao":"danhnc14@fpt.com.vn","KyTinhKhoan":"2021"},{"DonVi":"FIS BANK","isDelete":false,"FISX":715,"isActive":true,"version":0,"LoaiDuAn":"SRV_AnhND60","BoPhan":"AB BNKSAL5","HeSoK":0.22,"ngayThem":"2021-03-19 16:34:00","id":22173,"Nam":"2021","TraNgay":0.2,"nguoiTao":"danhnc14@fpt.com.vn","KyTinhKhoan":"2021"},{"DonVi":"FIS BANK","isDelete":false,"FISX":715,"isActive":true,"version":0,"LoaiDuAn":"SRV_AnhDQ19","BoPhan":"AB BNKSAL5","HeSoK":0.22,"ngayThem":"2021-03-19 16:34:00","id":22172,"Nam":"2021","TraNgay":0.2,"nguoiTao":"danhnc14@fpt.com.vn","KyTinhKhoan":"2021"},{"DonVi":"FIS BANK","isDelete":false,"FISX":715,"isActive":true,"version":0,"LoaiDuAn":"SRV_NgatNT","BoPhan":"AB BNKSAL3","HeSoK":0.025,"ngayThem":"2021-03-19 16:34:00","id":22171,"Nam":"2021","TraNgay":0.2,"nguoiTao":"danhnc14@fpt.com.vn","KyTinhKhoan":"2021"},{"DonVi":"FIS BANK","isDelete":false,"FISX":715,"isActive":true,"version":0,"LoaiDuAn":"SRV_HungDT8","BoPhan":"AB BNKSAL3","HeSoK":0.18,"ngayThem":"2021-03-19 16:34:00","id":22170,"Nam":"2021","TraNgay":0.2,"nguoiTao":"danhnc14@fpt.com.vn","KyTinhKhoan":"2021"},{"DonVi":"FIS BANK","isDelete":false,"FISX":715,"isActive":true,"version":0,"LoaiDuAn":"SRV_linhlk2","BoPhan":"AB BNKSAL3","HeSoK":0.1,"ngayThem":"2021-03-19 16:34:00","id":22169,"Nam":"2021","TraNgay":0.2,"nguoiTao":"danhnc14@fpt.com.vn","KyTinhKhoan":"2021"},{"DonVi":"FIS BANK","isDelete":false,"FISX":715,"isActive":true,"version":0,"LoaiDuAn":"SRV_DatLHN","BoPhan":"AB BNKSAL3","HeSoK":0.06,"ngayThem":"2021-03-19 16:34:00","id":22168,"Nam":"2021","TraNgay":0.2,"nguoiTao":"danhnc14@fpt.com.vn","KyTinhKhoan":"2021"},{"DonVi":"FIS BANK","isDelete":false,"FISX":715,"isActive":true,"version":0,"LoaiDuAn":"SRV_ToanNQ3","BoPhan":"AB BNKSAL2","HeSoK":0.049520463,"ngayThem":"2021-03-19 16:34:00","id":22167,"Nam":"2021","TraNgay":0.2,"nguoiTao":"danhnc14@fpt.com.vn","KyTinhKhoan":"2021"},{"DonVi":"FIS BANK","isDelete":false,"FISX":715,"isActive":true,"version":0,"LoaiDuAn":"SRV_AnhBQ","BoPhan":"AB BNKSAL2","HeSoK":0.057977993,"ngayThem":"2021-03-19 16:34:00","id":22166,"Nam":"2021","TraNgay":0.2,"nguoiTao":"danhnc14@fpt.com.vn","KyTinhKhoan":"2021"},{"DonVi":"FIS BANK","isDelete":false,"FISX":715,"isActive":true,"version":0,"LoaiDuAn":"SRV_QuangNV3","BoPhan":"AB BNKSAL2","HeSoK":0.04362693,"ngayThem":"2021-03-19 16:34:00","id":22165,"Nam":"2021","TraNgay":0.2,"nguoiTao":"danhnc14@fpt.com.vn","KyTinhKhoan":"2021"},{"DonVi":"FIS BANK","isDelete":false,"FISX":715,"isActive":true,"version":0,"LoaiDuAn":"SRV_TungNA3","BoPhan":"AB BNKSAL2","HeSoK":0.036445655,"ngayThem":"2021-03-19 16:34:00","id":22164,"Nam":"2021","TraNgay":0.2,"nguoiTao":"danhnc14@fpt.com.vn","KyTinhKhoan":"2021"},{"DonVi":"FIS BANK","isDelete":false,"FISX":715,"isActive":true,"version":0,"LoaiDuAn":"SW_Thanhht28","BoPhan":"AB BNKSAL2","HeSoK":0.22,"ngayThem":"2021-03-19 16:34:00","id":22163,"Nam":"2021","TraNgay":0.2,"nguoiTao":"danhnc14@fpt.com.vn","KyTinhKhoan":"2021"},{"DonVi":"FIS BANK","isDelete":false,"FISX":715,"isActive":true,"version":0,"LoaiDuAn":"SW_TruongTD","BoPhan":"AB BNKSAL5","HeSoK":0.22,"ngayThem":"2021-03-19 16:34:00","id":22162,"Nam":"2021","TraNgay":0.2,"nguoiTao":"danhnc14@fpt.com.vn","KyTinhKhoan":"2021"},{"DonVi":"FIS BANK","isDelete":false,"FISX":715,"isActive":true,"version":0,"LoaiDuAn":"SW_QuanNA5","BoPhan":"AB BNKSAL5","HeSoK":0.22,"ngayThem":"2021-03-19 16:34:00","id":22161,"Nam":"2021","TraNgay":0.2,"nguoiTao":"danhnc14@fpt.com.vn","KyTinhKhoan":"2021"},{"DonVi":"FIS BANK","isDelete":false,"FISX":715,"isActive":true,"version":0,"LoaiDuAn":"SW_QuangNB","BoPhan":"AB BNKSAL5","HeSoK":0.22,"ngayThem":"2021-03-19 16:34:00","id":22160,"Nam":"2021","TraNgay":0.2,"nguoiTao":"danhnc14@fpt.com.vn","KyTinhKhoan":"2021"},{"DonVi":"FIS BANK","isDelete":false,"FISX":715,"isActive":true,"version":0,"LoaiDuAn":"SW_DucNM30","BoPhan":"AB BNKSAL5","HeSoK":0.22,"ngayThem":"2021-03-19 16:34:00","id":22159,"Nam":"2021","TraNgay":0.2,"nguoiTao":"danhnc14@fpt.com.vn","KyTinhKhoan":"2021"},{"DonVi":"FIS BANK","isDelete":false,"FISX":715,"isActive":true,"version":0,"LoaiDuAn":"SW_AnhND60","BoPhan":"AB BNKSAL5","HeSoK":0.22,"ngayThem":"2021-03-19 16:34:00","id":22158,"Nam":"2021","TraNgay":0.2,"nguoiTao":"danhnc14@fpt.com.vn","KyTinhKhoan":"2021"},{"DonVi":"FIS BANK","isDelete":false,"FISX":715,"isActive":true,"version":0,"LoaiDuAn":"SW_AnhDQ19","BoPhan":"AB BNKSAL5","HeSoK":0.22,"ngayThem":"2021-03-19 16:34:00","id":22157,"Nam":"2021","TraNgay":0.2,"nguoiTao":"danhnc14@fpt.com.vn","KyTinhKhoan":"2021"},{"DonVi":"FIS BANK","isDelete":false,"FISX":715,"isActive":true,"version":0,"LoaiDuAn":"SW_NgatNT","BoPhan":"AB BNKSAL3","HeSoK":0.025,"ngayThem":"2021-03-19 16:34:00","id":22156,"Nam":"2021","TraNgay":0.2,"nguoiTao":"danhnc14@fpt.com.vn","KyTinhKhoan":"2021"},{"DonVi":"FIS BANK","isDelete":false,"FISX":715,"isActive":true,"version":0,"LoaiDuAn":"SW_HungDT8","BoPhan":"AB BNKSAL3","HeSoK":0.18,"ngayThem":"2021-03-19 16:34:00","id":22155,"Nam":"2021","TraNgay":0.2,"nguoiTao":"danhnc14@fpt.com.vn","KyTinhKhoan":"2021"},{"DonVi":"FIS BANK","isDelete":false,"FISX":715,"isActive":true,"version":0,"LoaiDuAn":"SW_linhlk2","BoPhan":"AB BNKSAL3","HeSoK":0.1,"ngayThem":"2021-03-19 16:34:00","id":22154,"Nam":"2021","TraNgay":0.2,"nguoiTao":"danhnc14@fpt.com.vn","KyTinhKhoan":"2021"},{"DonVi":"FIS BANK","isDelete":false,"FISX":715,"isActive":true,"version":0,"LoaiDuAn":"SW_DatLHN","BoPhan":"AB BNKSAL3","HeSoK":0.06,"ngayThem":"2021-03-19 16:34:00","id":22153,"Nam":"2021","TraNgay":0.2,"nguoiTao":"danhnc14@fpt.com.vn","KyTinhKhoan":"2021"},{"DonVi":"FIS BANK","isDelete":false,"FISX":715,"isActive":true,"version":0,"LoaiDuAn":"SW_ToanNQ3","BoPhan":"AB BNKSAL2","HeSoK":0.049520463,"ngayThem":"2021-03-19 16:34:00","id":22152,"Nam":"2021","TraNgay":0.2,"nguoiTao":"danhnc14@fpt.com.vn","KyTinhKhoan":"2021"},{"DonVi":"FIS BANK","isDelete":false,"FISX":715,"isActive":true,"version":0,"LoaiDuAn":"SW_AnhBQ","BoPhan":"AB BNKSAL2","HeSoK":0.057977993,"ngayThem":"2021-03-19 16:34:00","id":22151,"Nam":"2021","TraNgay":0.2,"nguoiTao":"danhnc14@fpt.com.vn","KyTinhKhoan":"2021"},{"DonVi":"FIS BANK","isDelete":false,"FISX":715,"isActive":true,"version":0,"LoaiDuAn":"SW_QuangNV3","BoPhan":"AB BNKSAL2","HeSoK":0.04362693,"ngayThem":"2021-03-19 16:34:00","id":22150,"Nam":"2021","TraNgay":0.2,"nguoiTao":"danhnc14@fpt.com.vn","KyTinhKhoan":"2021"},{"DonVi":"FIS BANK","isDelete":false,"FISX":715,"isActive":true,"version":0,"LoaiDuAn":"SW_TungNA3","BoPhan":"AB BNKSAL2","HeSoK":0.036445655,"ngayThem":"2021-03-19 16:34:00","id":22149,"Nam":"2021","TraNgay":0.2,"nguoiTao":"danhnc14@fpt.com.vn","KyTinhKhoan":"2021"},{"DonVi":"FIS BANK","isDelete":false,"FISX":715,"isActive":true,"version":0,"LoaiDuAn":"HW_Thanhht28","BoPhan":"AB BNKSAL2","HeSoK":0.06,"ngayThem":"2021-03-19 16:34:00","id":22148,"Nam":"2021","TraNgay":0.2,"nguoiTao":"danhnc14@fpt.com.vn","KyTinhKhoan":"2021"},{"DonVi":"FIS BANK","isDelete":false,"FISX":715,"isActive":true,"version":0,"LoaiDuAn":"HW_TruongTD","BoPhan":"AB BNKSAL5","HeSoK":0.06,"ngayThem":"2021-03-19 16:34:00","id":22147,"Nam":"2021","TraNgay":0.2,"nguoiTao":"danhnc14@fpt.com.vn","KyTinhKhoan":"2021"},{"DonVi":"FIS BANK","isDelete":false,"FISX":715,"isActive":true,"version":0,"LoaiDuAn":"HW_QuanNA5","BoPhan":"AB BNKSAL5","HeSoK":0.06,"ngayThem":"2021-03-19 16:34:00","id":22146,"Nam":"2021","TraNgay":0.2,"nguoiTao":"danhnc14@fpt.com.vn","KyTinhKhoan":"2021"},{"DonVi":"FIS BANK","isDelete":false,"FISX":715,"isActive":true,"version":0,"LoaiDuAn":"HW_QuangNB","BoPhan":"AB BNKSAL5","HeSoK":0.1,"ngayThem":"2021-03-19 16:34:00","id":22145,"Nam":"2021","TraNgay":0.2,"nguoiTao":"danhnc14@fpt.com.vn","KyTinhKhoan":"2021"},{"DonVi":"FIS BANK","isDelete":false,"FISX":715,"isActive":true,"version":0,"LoaiDuAn":"HW_DucNM30","BoPhan":"AB BNKSAL5","HeSoK":0.07,"ngayThem":"2021-03-19 16:34:00","id":22144,"Nam":"2021","TraNgay":0.2,"nguoiTao":"danhnc14@fpt.com.vn","KyTinhKhoan":"2021"},{"DonVi":"FIS BANK","isDelete":false,"FISX":715,"isActive":true,"version":0,"LoaiDuAn":"HW_AnhND60","BoPhan":"AB BNKSAL5","HeSoK":0.16,"ngayThem":"2021-03-19 16:34:00","id":22143,"Nam":"2021","TraNgay":0.2,"nguoiTao":"danhnc14@fpt.com.vn","KyTinhKhoan":"2021"},{"DonVi":"FIS BANK","isDelete":false,"FISX":715,"isActive":true,"version":0,"LoaiDuAn":"HW_AnhDQ19","BoPhan":"AB BNKSAL5","HeSoK":0.16,"ngayThem":"2021-03-19 16:34:00","id":22142,"Nam":"2021","TraNgay":0.2,"nguoiTao":"danhnc14@fpt.com.vn","KyTinhKhoan":"2021"},{"DonVi":"FIS BANK","isDelete":false,"FISX":715,"isActive":true,"version":0,"LoaiDuAn":"HW_NgatNT","BoPhan":"AB BNKSAL3","HeSoK":0.025,"ngayThem":"2021-03-19 16:34:00","id":22141,"Nam":"2021","TraNgay":0.2,"nguoiTao":"danhnc14@fpt.com.vn","KyTinhKhoan":"2021"},{"DonVi":"FIS BANK","isDelete":false,"FISX":715,"isActive":true,"version":0,"LoaiDuAn":"HW_HungDT8","BoPhan":"AB BNKSAL3","HeSoK":0.18,"ngayThem":"2021-03-19 16:34:00","id":22140,"Nam":"2021","TraNgay":0.2,"nguoiTao":"danhnc14@fpt.com.vn","KyTinhKhoan":"2021"},{"DonVi":"FIS BANK","isDelete":false,"FISX":715,"isActive":true,"version":0,"LoaiDuAn":"HW_linhlk2","BoPhan":"AB BNKSAL3","HeSoK":0.1,"ngayThem":"2021-03-19 16:34:00","id":22139,"Nam":"2021","TraNgay":0.2,"nguoiTao":"danhnc14@fpt.com.vn","KyTinhKhoan":"2021"},{"DonVi":"FIS BANK","isDelete":false,"FISX":715,"isActive":true,"version":0,"LoaiDuAn":"HW_DatLHN","BoPhan":"AB BNKSAL3","HeSoK":0.06,"ngayThem":"2021-03-19 16:34:00","id":22138,"Nam":"2021","TraNgay":0.2,"nguoiTao":"danhnc14@fpt.com.vn","KyTinhKhoan":"2021"},{"DonVi":"FIS BANK","isDelete":false,"FISX":715,"isActive":true,"version":0,"LoaiDuAn":"HW_ToanNQ3","BoPhan":"AB BNKSAL2","HeSoK":0.024760231,"ngayThem":"2021-03-19 16:34:00","id":22137,"Nam":"2021","TraNgay":0.2,"nguoiTao":"danhnc14@fpt.com.vn","KyTinhKhoan":"2021"},{"DonVi":"FIS BANK","isDelete":false,"FISX":715,"isActive":true,"version":0,"LoaiDuAn":"HW_AnhBQ","BoPhan":"AB BNKSAL2","HeSoK":0.028988997,"ngayThem":"2021-03-19 16:34:00","id":22136,"Nam":"2021","TraNgay":0.2,"nguoiTao":"danhnc14@fpt.com.vn","KyTinhKhoan":"2021"},{"DonVi":"FIS BANK","isDelete":false,"FISX":715,"isActive":true,"version":0,"LoaiDuAn":"HW_QuangNV3","BoPhan":"AB BNKSAL2","HeSoK":0.021813465,"ngayThem":"2021-03-19 16:34:00","id":22135,"Nam":"2021","TraNgay":0.2,"nguoiTao":"danhnc14@fpt.com.vn","KyTinhKhoan":"2021"},{"DonVi":"FIS BANK","isDelete":false,"FISX":715,"isActive":true,"version":0,"LoaiDuAn":"HW_TungNA3","BoPhan":"AB BNKSAL2","HeSoK":0.018222827,"ngayThem":"2021-03-19 16:34:00","id":22134,"Nam":"2021","TraNgay":0.2,"nguoiTao":"danhnc14@fpt.com.vn","KyTinhKhoan":"2021"},{"DonVi":"FIS BANK","isDelete":false,"FISX":715,"isActive":true,"version":0,"LoaiDuAn":"SRV_TruongBD","BoPhan":"AB BNKSAL1","HeSoK":0.018348562,"ngayThem":"2021-03-19 16:34:00","id":22121,"Nam":"2020","TraNgay":0.2,"nguoiTao":"danhnc14@fpt.com.vn","KyTinhKhoan":"2021"},{"DonVi":"FIS BANK","isDelete":false,"FISX":715,"isActive":true,"version":0,"LoaiDuAn":"SW_TruongBD","BoPhan":"AB BNKSAL1","HeSoK":0.018348562,"ngayThem":"2021-03-19 16:34:00","id":22120,"Nam":"2020","TraNgay":0.2,"nguoiTao":"danhnc14@fpt.com.vn","KyTinhKhoan":"2021"},{"DonVi":"FIS BANK","isDelete":false,"FISX":715,"isActive":true,"version":0,"LoaiDuAn":"HW_TruongBD","BoPhan":"AB BNKSAL1","HeSoK":0.0069724536,"ngayThem":"2021-03-19 16:34:00","id":22119,"Nam":"2020","TraNgay":0.2,"nguoiTao":"danhnc14@fpt.com.vn","KyTinhKhoan":"2021"},{"DonVi":"FIS BANK","isDelete":false,"FISX":715,"isActive":true,"version":0,"LoaiDuAn":"SRV_TruongBD","BoPhan":"AB BNKSAL1","HeSoK":0.018348562,"ngayThem":"2021-03-19 16:34:00","id":22118,"Nam":"2021","TraNgay":0.2,"nguoiTao":"danhnc14@fpt.com.vn","KyTinhKhoan":"2021"},{"DonVi":"FIS BANK","isDelete":false,"FISX":715,"isActive":true,"version":0,"LoaiDuAn":"SW_TruongBD","BoPhan":"AB BNKSAL1","HeSoK":0.018348562,"ngayThem":"2021-03-19 16:34:00","id":22117,"Nam":"2021","TraNgay":0.2,"nguoiTao":"danhnc14@fpt.com.vn","KyTinhKhoan":"2021"},{"DonVi":"FIS BANK","isDelete":false,"FISX":715,"isActive":true,"version":0,"LoaiDuAn":"HW_TruongBD","BoPhan":"AB BNKSAL1","HeSoK":0.0069724536,"ngayThem":"2021-03-19 16:34:00","id":22116,"Nam":"2021","TraNgay":0.2,"nguoiTao":"danhnc14@fpt.com.vn","KyTinhKhoan":"2021"},{"DonVi":"FIS BANK","isDelete":false,"FISX":715,"isActive":true,"version":0,"LoaiDuAn":"SRV_HungTD13","BoPhan":"AB BNKSAL1","HeSoK":0.012520195,"ngayThem":"2021-03-19 16:34:00","id":22100,"Nam":"2020","TraNgay":0.2,"nguoiTao":"danhnc14@fpt.com.vn","KyTinhKhoan":"2021"},{"DonVi":"FIS BANK","isDelete":false,"FISX":715,"isActive":true,"version":0,"LoaiDuAn":"SRV_PhuongNV2","BoPhan":"AB BNKSAL1","HeSoK":0.021802409,"ngayThem":"2021-03-19 16:34:00","id":22099,"Nam":"2020","TraNgay":0.2,"nguoiTao":"danhnc14@fpt.com.vn","KyTinhKhoan":"2021"},{"DonVi":"FIS BANK","isDelete":false,"FISX":715,"isActive":true,"version":0,"LoaiDuAn":"SRV_DungVPT","BoPhan":"AB BNKSAL1","HeSoK":0.018348562,"ngayThem":"2021-03-19 16:34:00","id":22098,"Nam":"2020","TraNgay":0.2,"nguoiTao":"danhnc14@fpt.com.vn","KyTinhKhoan":"2021"},{"DonVi":"FIS BANK","isDelete":false,"FISX":715,"isActive":true,"version":0,"LoaiDuAn":"SW_HungTD13","BoPhan":"AB BNKSAL1","HeSoK":0.012520195,"ngayThem":"2021-03-19 16:34:00","id":22082,"Nam":"2020","TraNgay":0.2,"nguoiTao":"danhnc14@fpt.com.vn","KyTinhKhoan":"2021"},{"DonVi":"FIS BANK","isDelete":false,"FISX":715,"isActive":true,"version":0,"LoaiDuAn":"SW_PhuongNV2","BoPhan":"AB BNKSAL1","HeSoK":0.021802409,"ngayThem":"2021-03-19 16:34:00","id":22081,"Nam":"2020","TraNgay":0.2,"nguoiTao":"danhnc14@fpt.com.vn","KyTinhKhoan":"2021"},{"DonVi":"FIS BANK","isDelete":false,"FISX":715,"isActive":true,"version":0,"LoaiDuAn":"SW_DungVPT","BoPhan":"AB BNKSAL1","HeSoK":0.018348562,"ngayThem":"2021-03-19 16:34:00","id":22080,"Nam":"2020","TraNgay":0.2,"nguoiTao":"danhnc14@fpt.com.vn","KyTinhKhoan":"2021"},{"DonVi":"FIS BANK","isDelete":false,"FISX":715,"isActive":true,"version":0,"LoaiDuAn":"HW_HungTD13","BoPhan":"AB BNKSAL1","HeSoK":0.004757674,"ngayThem":"2021-03-19 16:34:00","id":22064,"Nam":"2020","TraNgay":0.2,"nguoiTao":"danhnc14@fpt.com.vn","KyTinhKhoan":"2021"},{"DonVi":"FIS BANK","isDelete":false,"FISX":715,"isActive":true,"version":0,"LoaiDuAn":"HW_PhuongNV2","BoPhan":"AB BNKSAL1","HeSoK":0.008284915,"ngayThem":"2021-03-19 16:34:00","id":22063,"Nam":"2020","TraNgay":0.2,"nguoiTao":"danhnc14@fpt.com.vn","KyTinhKhoan":"2021"},{"DonVi":"FIS BANK","isDelete":false,"FISX":715,"isActive":true,"version":0,"LoaiDuAn":"HW_DungVPT","BoPhan":"AB BNKSAL1","HeSoK":0.0069724536,"ngayThem":"2021-03-19 16:34:00","id":22062,"Nam":"2020","TraNgay":0.2,"nguoiTao":"danhnc14@fpt.com.vn","KyTinhKhoan":"2021"},{"DonVi":"FIS BANK","isDelete":false,"FISX":715,"isActive":true,"version":0,"LoaiDuAn":"SRV_HungTD13","BoPhan":"AB BNKSAL1","HeSoK":0.012520195,"ngayThem":"2021-03-19 16:34:00","id":22046,"Nam":"2021","TraNgay":0.2,"nguoiTao":"danhnc14@fpt.com.vn","KyTinhKhoan":"2021"},{"DonVi":"FIS BANK","isDelete":false,"FISX":715,"isActive":true,"version":0,"LoaiDuAn":"SRV_PhuongNV2","BoPhan":"AB BNKSAL1","HeSoK":0.021802409,"ngayThem":"2021-03-19 16:34:00","id":22045,"Nam":"2021","TraNgay":0.2,"nguoiTao":"danhnc14@fpt.com.vn","KyTinhKhoan":"2021"},{"DonVi":"FIS BANK","isDelete":false,"FISX":715,"isActive":true,"version":0,"LoaiDuAn":"SRV_DungVPT","BoPhan":"AB BNKSAL1","HeSoK":0.018348562,"ngayThem":"2021-03-19 16:34:00","id":22044,"Nam":"2021","TraNgay":0.2,"nguoiTao":"danhnc14@fpt.com.vn","KyTinhKhoan":"2021"},{"DonVi":"FIS BANK","isDelete":false,"FISX":715,"isActive":true,"version":0,"LoaiDuAn":"SW_HungTD13","BoPhan":"AB BNKSAL1","HeSoK":0.012520195,"ngayThem":"2021-03-19 16:34:00","id":22028,"Nam":"2021","TraNgay":0.2,"nguoiTao":"danhnc14@fpt.com.vn","KyTinhKhoan":"2021"},{"DonVi":"FIS BANK","isDelete":false,"FISX":715,"isActive":true,"version":0,"LoaiDuAn":"SW_PhuongNV2","BoPhan":"AB BNKSAL1","HeSoK":0.021802409,"ngayThem":"2021-03-19 16:34:00","id":22027,"Nam":"2021","TraNgay":0.2,"nguoiTao":"danhnc14@fpt.com.vn","KyTinhKhoan":"2021"},{"DonVi":"FIS BANK","isDelete":false,"FISX":715,"isActive":true,"version":0,"LoaiDuAn":"SW_DungVPT","BoPhan":"AB BNKSAL1","HeSoK":0.018348562,"ngayThem":"2021-03-19 16:34:00","id":22026,"Nam":"2021","TraNgay":0.2,"nguoiTao":"danhnc14@fpt.com.vn","KyTinhKhoan":"2021"},{"DonVi":"FIS BANK","isDelete":false,"FISX":715,"isActive":true,"version":0,"LoaiDuAn":"HW_HungTD13","BoPhan":"AB BNKSAL1","HeSoK":0.004757674,"ngayThem":"2021-03-19 16:34:00","id":22010,"Nam":"2021","TraNgay":0.2,"nguoiTao":"danhnc14@fpt.com.vn","KyTinhKhoan":"2021"},{"DonVi":"FIS BANK","isDelete":false,"FISX":715,"isActive":true,"version":0,"LoaiDuAn":"HW_PhuongNV2","BoPhan":"AB BNKSAL1","HeSoK":0.008284915,"ngayThem":"2021-03-19 16:34:00","id":22009,"Nam":"2021","TraNgay":0.2,"nguoiTao":"danhnc14@fpt.com.vn","KyTinhKhoan":"2021"},{"DonVi":"FIS BANK","isDelete":false,"FISX":715,"isActive":true,"version":0,"LoaiDuAn":"HW_DungVPT","BoPhan":"AB BNKSAL1","HeSoK":0.0069724536,"ngayThem":"2021-03-19 16:34:00","id":22008,"Nam":"2021","TraNgay":0.2,"nguoiTao":"danhnc14@fpt.com.vn","KyTinhKhoan":"2021"},{"DonVi":"FIS FSB","isDelete":false,"FISX":732,"isActive":true,"version":0,"LoaiDuAn":"SW ĐB","BoPhan":"PrB FSB QN","HeSoK":0.053,"ngayThem":"2021-03-22 09:18:46","id":21881,"Nam":"2020","TraNgay":0,"nguoiTao":"anhltv6@fpt.com.vn","KyTinhKhoan":"2021"},{"DonVi":"FIS FSB","isDelete":false,"FISX":732,"isActive":true,"version":0,"LoaiDuAn":"SW ĐB","BoPhan":"AB FSB TEL","HeSoK":0.053,"ngayThem":"2021-03-22 09:18:46","id":21880,"Nam":"2020","TraNgay":0,"nguoiTao":"anhltv6@fpt.com.vn","KyTinhKhoan":"2021"},{"DonVi":"FIS FSB","isDelete":false,"FISX":732,"isActive":true,"version":0,"LoaiDuAn":"SW ĐB","BoPhan":"AB FSB UL","HeSoK":0.053,"ngayThem":"2021-03-22 09:18:46","id":21879,"Nam":"2020","TraNgay":0,"nguoiTao":"anhltv6@fpt.com.vn","KyTinhKhoan":"2021"},{"DonVi":"FIS FSB","isDelete":false,"FISX":732,"isActive":true,"version":0,"LoaiDuAn":"SW ĐB","BoPhan":"AB FSB GB","HeSoK":0.053,"ngayThem":"2021-03-22 09:18:46","id":21878,"Nam":"2020","TraNgay":0,"nguoiTao":"anhltv6@fpt.com.vn","KyTinhKhoan":"2021"},{"DonVi":"FIS FSB","isDelete":false,"FISX":732,"isActive":true,"version":0,"LoaiDuAn":"SW TT","BoPhan":"PrB FSB QN","HeSoK":0.08,"ngayThem":"2021-03-22 09:18:46","id":21877,"Nam":"2020","TraNgay":0,"nguoiTao":"anhltv6@fpt.com.vn","KyTinhKhoan":"2021"},{"DonVi":"FIS FSB","isDelete":false,"FISX":732,"isActive":true,"version":0,"LoaiDuAn":"SW TT","BoPhan":"AB FSB TEL","HeSoK":0.08,"ngayThem":"2021-03-22 09:18:46","id":21876,"Nam":"2020","TraNgay":0,"nguoiTao":"anhltv6@fpt.com.vn","KyTinhKhoan":"2021"},{"DonVi":"FIS FSB","isDelete":false,"FISX":732,"isActive":true,"version":0,"LoaiDuAn":"SW TT","BoPhan":"AB FSB UL","HeSoK":0.08,"ngayThem":"2021-03-22 09:18:46","id":21875,"Nam":"2020","TraNgay":0,"nguoiTao":"anhltv6@fpt.com.vn","KyTinhKhoan":"2021"},{"DonVi":"FIS FSB","isDelete":false,"FISX":732,"isActive":true,"version":0,"LoaiDuAn":"SW TT","BoPhan":"AB FSB GB","HeSoK":0.08,"ngayThem":"2021-03-22 09:18:46","id":21874,"Nam":"2020","TraNgay":0,"nguoiTao":"anhltv6@fpt.com.vn","KyTinhKhoan":"2021"},{"DonVi":"FIS FSB","isDelete":false,"FISX":732,"isActive":true,"version":0,"LoaiDuAn":"SI","BoPhan":"PrB FSB QN","HeSoK":0.09,"ngayThem":"2021-03-22 09:18:46","id":21873,"Nam":"2020","TraNgay":0,"nguoiTao":"anhltv6@fpt.com.vn","KyTinhKhoan":"2021"},{"DonVi":"FIS FSB","isDelete":false,"FISX":732,"isActive":true,"version":0,"LoaiDuAn":"SI","BoPhan":"AB FSB TEL","HeSoK":0.09,"ngayThem":"2021-03-22 09:18:46","id":21872,"Nam":"2020","TraNgay":0,"nguoiTao":"anhltv6@fpt.com.vn","KyTinhKhoan":"2021"},{"DonVi":"FIS FSB","isDelete":false,"FISX":732,"isActive":true,"version":0,"LoaiDuAn":"SI","BoPhan":"AB FSB UL","HeSoK":0.09,"ngayThem":"2021-03-22 09:18:46","id":21871,"Nam":"2020","TraNgay":0,"nguoiTao":"anhltv6@fpt.com.vn","KyTinhKhoan":"2021"},{"DonVi":"FIS FSB","isDelete":false,"FISX":732,"isActive":true,"version":0,"LoaiDuAn":"SI","BoPhan":"AB FSB GB","HeSoK":0.09,"ngayThem":"2021-03-22 09:18:46","id":21870,"Nam":"2020","TraNgay":0,"nguoiTao":"anhltv6@fpt.com.vn","KyTinhKhoan":"2021"},{"DonVi":"FIS FSB","isDelete":false,"FISX":732,"isActive":true,"version":10,"LoaiDuAn":"SW ĐB","BoPhan":"PrB FSB QN","HeSoK":0.053,"ngayThem":"2021-03-22 09:18:46","id":21869,"Nam":"2021","TraNgay":0.3,"nguoiTao":"anhltv6@fpt.com.vn","KyTinhKhoan":"2021"},{"DonVi":"FIS FSB","isDelete":false,"FISX":732,"isActive":true,"version":10,"LoaiDuAn":"SW ĐB","BoPhan":"AB FSB TEL","HeSoK":0.053,"ngayThem":"2021-03-22 09:18:46","id":21868,"Nam":"2021","TraNgay":0.3,"nguoiTao":"anhltv6@fpt.com.vn","KyTinhKhoan":"2021"},{"DonVi":"FIS FSB","isDelete":false,"FISX":732,"isActive":true,"version":10,"LoaiDuAn":"SW ĐB","BoPhan":"AB FSB UL","HeSoK":0.053,"ngayThem":"2021-03-22 09:18:46","id":21867,"Nam":"2021","TraNgay":0.3,"nguoiTao":"anhltv6@fpt.com.vn","KyTinhKhoan":"2021"},{"DonVi":"FIS FSB","isDelete":false,"FISX":732,"isActive":true,"version":10,"LoaiDuAn":"SW ĐB","BoPhan":"AB FSB GB","HeSoK":0.053,"ngayThem":"2021-03-22 09:18:46","id":21866,"Nam":"2021","TraNgay":0.3,"nguoiTao":"anhltv6@fpt.com.vn","KyTinhKhoan":"2021"},{"DonVi":"FIS FSB","isDelete":false,"FISX":732,"isActive":true,"version":10,"LoaiDuAn":"SW TT","BoPhan":"PrB FSB QN","HeSoK":0.08,"ngayThem":"2021-03-22 09:18:46","id":21865,"Nam":"2021","TraNgay":0.3,"nguoiTao":"anhltv6@fpt.com.vn","KyTinhKhoan":"2021"},{"DonVi":"FIS FSB","isDelete":false,"FISX":732,"isActive":true,"version":10,"LoaiDuAn":"SW TT","BoPhan":"AB FSB TEL","HeSoK":0.08,"ngayThem":"2021-03-22 09:18:46","id":21864,"Nam":"2021","TraNgay":0.3,"nguoiTao":"anhltv6@fpt.com.vn","KyTinhKhoan":"2021"},{"DonVi":"FIS FSB","isDelete":false,"FISX":732,"isActive":true,"version":10,"LoaiDuAn":"SW TT","BoPhan":"AB FSB UL","HeSoK":0.08,"ngayThem":"2021-03-22 09:18:46","id":21863,"Nam":"2021","TraNgay":0.3,"nguoiTao":"anhltv6@fpt.com.vn","KyTinhKhoan":"2021"},{"DonVi":"FIS FSB","isDelete":false,"FISX":732,"isActive":true,"version":10,"LoaiDuAn":"SW TT","BoPhan":"AB FSB GB","HeSoK":0.08,"ngayThem":"2021-03-22 09:18:46","id":21862,"Nam":"2021","TraNgay":0.3,"nguoiTao":"anhltv6@fpt.com.vn","KyTinhKhoan":"2021"},{"DonVi":"FIS FSB","isDelete":false,"FISX":732,"isActive":true,"version":10,"LoaiDuAn":"SI","BoPhan":"PrB FSB QN","HeSoK":0.09,"ngayThem":"2021-03-22 09:18:46","id":21861,"Nam":"2021","TraNgay":0.3,"nguoiTao":"anhltv6@fpt.com.vn","KyTinhKhoan":"2021"},{"DonVi":"FIS FSB","isDelete":false,"FISX":732,"isActive":true,"version":10,"LoaiDuAn":"SI","BoPhan":"AB FSB TEL","HeSoK":0.09,"ngayThem":"2021-03-22 09:18:46","id":21860,"Nam":"2021","TraNgay":0.3,"nguoiTao":"anhltv6@fpt.com.vn","KyTinhKhoan":"2021"},{"DonVi":"FIS FSB","isDelete":false,"FISX":732,"isActive":true,"version":10,"LoaiDuAn":"SI","BoPhan":"AB FSB UL","HeSoK":0.09,"ngayThem":"2021-03-22 09:18:46","id":21859,"Nam":"2021","TraNgay":0.3,"nguoiTao":"anhltv6@fpt.com.vn","KyTinhKhoan":"2021"},{"DonVi":"FIS FSB","isDelete":false,"FISX":732,"isActive":true,"version":10,"LoaiDuAn":"SI","BoPhan":"AB FSB GB","HeSoK":0.09,"ngayThem":"2021-03-22 09:18:46","id":21858,"Nam":"2021","TraNgay":0.3,"nguoiTao":"anhltv6@fpt.com.vn","KyTinhKhoan":"2021"}]}